Lien d'une DB de musiques (khinsider),,,,,,,,,Votants,,,,,,,,,,,,,,,,,,,,,,,
"Hésitez pas à rajouter des musiques, et à noter celles déjà dans le gsheet",,,,,,,,,"(1 si vous êtes cap de la reconnaître en blindtest, 0 sinon)",,,,,,,,,,,,,,,,,,,,,,,
"Mettez en priorité les liens de la page web, les liens de l'audio deviennent rapidemment obsolètes mais on peut les récupérer grâce à la page web",,,,,,,,,,,,,,,,,,,,,,,,,,,,,,,,
"Licence, nb: 315","Jeu, nb: 541","OST, nb: 1294",Noms Valides pr trouver séparé les noms par /,"Lien page web, nb: 192",,Lien audio,Nb de vote,Vote moyenne connais (1)/connais pas (0),UserA,UserB,UserC,UserD,UserE,UserF,UserG,UserH,UserI,UserJ,UserK,UserL,UserM,UserN,UserO,UserP,UserQ,UserR,UserS,UserT,UserU,UserV,UserW,UserX
Ace Attorney,The Great Ace Attorney,Partners - The game is afoot!,,https://downloads.khinsider.com/game-soundtracks/album/dai-gyakuten-saiban-2-naruhodou-ryuunosuke-no-kakugo-gekiban-ongaku-daizenshuu-2017/2-05.%2520Partners%2520-%2520The%2520game%2520is%2520afoot%2521.mp3,,https://lambda.vgmtreasurechest.com/soundtracks/dai-gyakuten-saiban-2-naruhodou-ryuunosuke-no-kakugo-gekiban-ongaku-daizenshuu-2017/upooxbsowh/2-05.%20Partners%20-%20The%20game%20is%20afoot%21.mp3,1,0,,,,,,,1,,,,,,,,,,,,,,,,,
Alan Wake,Alan Wake II,Herald of Darkness,,https://downloads.khinsider.com/game-soundtracks/album/alan-wake-2-old-gods-of-asgard-2023/07%2520-%2520Herald%2520of%2520Darkness%2520%2528feat.%2520Alan%2520Wake%2520%2526%2520Mr.%2520Door%2529.mp3,,https://nu.vgmtreasurechest.com/soundtracks/alan-wake-2-old-gods-of-asgard-2023/ecbynwru/07%20-%20Herald%20of%20Darkness%20%28feat.%20Alan%20Wake%20%26%20Mr.%20Door%29.mp3,1,0,,,,,,,1,,,,,,,,,,,,,,,,,
Amnesia,Amnesia : The Dark Descent,Back Hall,,https://downloads.khinsider.com/game-soundtracks/album/amnesia-the-dark-descent/11.%2520Back%2520Hall.mp3,,https://nu.vgmtreasurechest.com/soundtracks/amnesia-the-dark-descent/fruwxajt/11.%20Back%20Hall.mp3,1,0,,,,,,,1,,,,,,,,,,,,,,,,,
Among Us,Among Us,Kill,,,,,16,0,1,1,1,1,,1,1,1,1,,1,1,,1,1,,1,1,1,,1,,,
Among Us,Among Us,Report,,,,,14,0,1,1,1,1,,1,1,1,1,,1,1,,1,1,,1,,,,,,1,
Among Us,Among Us,Role,,,,,15,0,1,1,1,1,,1,1,1,1,1,1,1,,1,1,,1,,,,,,1,
Animal Crossing,Animal Crossing : Wild World,Title Screen,AC/ACWW,,,https://audio.jukehost.co.uk/fMgrhCbXHWaXhiOnWbPHG9u4ZCEpa2lE,5,0,1,1,,,,,1,1,,,,,,,,,,,,,,1,,
Battlefield,Battlefield 1942,Vehicle 4,,,,https://nu.vgmtreasurechest.com/soundtracks/battlefield-1942/qxpixllz/01%20-%20Vehicle%204.mp3,1,0,,,,,,,1,,,,,,,,,,,,,,,,,
Blasphemous,Blasphemous 2,De blanca mantilla,Benedicta,https://downloads.khinsider.com/game-soundtracks/album/blasphemous-2-ost-2023/18.%2520De%2520Blanca%2520Mantilla.mp3,,https://jetta.vgmtreasurechest.com/soundtracks/blasphemous-2-ost-2023/qbkuuomt/18.%20De%20Blanca%20Mantilla.mp3,1,0,,,,,,,1,,,,,,,,,,,,,,,,,
Blasphemous,Blasphemous 2,Lienzo de la luz il el tiempo,Ending A,https://downloads.khinsider.com/game-soundtracks/album/blasphemous-2-ost-2023/30.%2520Lienzo%2520de%2520la%2520Luz%2520y%2520el%2520Tiempo.mp3,,https://jetta.vgmtreasurechest.com/soundtracks/blasphemous-2-ost-2023/gcvwwtbd/30.%20Lienzo%20de%20la%20Luz%20y%20el%20Tiempo.mp3,1,0,,,,,,,1,,,,,,,,,,,,,,,,,
Blasphemous,Blasphemous 2,Padre de los penitentes,Eviterno,https://downloads.khinsider.com/game-soundtracks/album/blasphemous-2-ost-2023/27.%2520Padre%2520de%2520los%2520Penitentes.mp3,,https://jetta.vgmtreasurechest.com/soundtracks/blasphemous-2-ost-2023/nvppbptz/27.%20Padre%20de%20los%20Penitentes.mp3,1,0,,,,,,,1,,,,,,,,,,,,,,,,,
Bloodborne,Bloodborne,Hunter's dream,Hub,https://downloads.khinsider.com/game-soundtracks/album/bloodborne-original-soundtrack-2015/03.%2520Hunter%2527s%2520Dream.mp3,,https://nu.vgmtreasurechest.com/soundtracks/bloodborne-original-soundtrack-2015/cdnefrqf/03.%20Hunter%27s%20Dream.mp3,1,0,,,,,,,1,,,,,,,,,,,,,,,,,
Bloodborne,Bloodborne,Lullaby for Mergo,Mergo's Wet Nurse,https://downloads.khinsider.com/game-soundtracks/album/bloodborne-original-soundtrack-2015/22.%2520Lullaby%2520for%2520Mergo.mp3,,https://nu.vgmtreasurechest.com/soundtracks/bloodborne-original-soundtrack-2015/kzsmknlq/22.%20Lullaby%20for%20Mergo.mp3,1,0,,,,,,,1,,,,,,,,,,,,,,,,,
Bomb Rush Cyberfunk,Bomb Rush Cyberfunk,I Wanna Kno,,https://downloads.khinsider.com/game-soundtracks/album/bomb-rush-cyberfunk-soundtrack-2023/02.%2520I%2520Wanna%2520Kno.mp3,,,2,0,,,,,,,1,,,,,,,,1,,,,,,,,,
Castlevania,Lords of Shadow,,,,,,0,0,,,,,,,,,,,,,,,,,,,,,,,,
Clair Obscur: Expedition 33,Clair Obscur: Expedition 33,Alicia,,,,,4,0,,,1,,,,1,,,1,1,,,,,,,,,,,,,
Clair Obscur: Expedition 33,Clair Obscur: Expedition 33,Gestral Village - Gestral Merchant,Gestral Merchant,,,https://www.youtube.com/watch?v=pXHE2MH9vLU,4,0,,,1,,,,1,,,1,,,,1,,,,,,,,,,
Clair Obscur: Expedition 33,Clair Obscur: Expedition 33,Une vie à t'aimer,,,,https://www.youtube.com/watch?v=oEtmFgonY3E,4,0,,,1,,,,1,,,1,,,,1,,,,,,,,,,
Control,Control,Take control,,https://downloads.khinsider.com/game-soundtracks/album/alan-wake-2-old-gods-of-asgard-2023/08%2520-%2520Take%2520Control.mp3,,https://nu.vgmtreasurechest.com/soundtracks/alan-wake-2-old-gods-of-asgard-2023/yhrmjjvx/08%20-%20Take%20Control.mp3,1,0,,,,,,,1,,,,,,,,,,,,,,,,,
Control,Resonant,Manalan Mailla,,,,,1,0,,,,,,,1,,,,,,,,,,,,,,,,,
Crysis,Crysis 2,Epilogue,,https://downloads.khinsider.com/game-soundtracks/album/crysis-2-ps3-windows-xbox-360-gamerip-2011/92.%2520Epilogue.mp3,,https://lambda.vgmtreasurechest.com/soundtracks/crysis-2-ps3-windows-xbox-360-gamerip-2011/waqbkwcy/92.%20Epilogue.mp3,1,0,,,,,,,1,,,,,,,,,,,,,,,,,
Dark Souls,Dark Souls 3,Menu theme,,,,https://vgmtreasurechest.com/soundtracks/dark-souls-iii-soundtracks/nszsskym/1-01%20Dark%20Souls%20III.mp3,1,0,,,,,,,1,,,,,,,,,,,,,,,,,
Dead Cells,Dead Cells,Prisoner's Awakening,,,,,1,0,,,,,,,1,,,,,,,,,,,,,,,,,
Deathloop,Deathloop,Pitch Black,trailer theme,https://downloads.khinsider.com/game-soundtracks/album/deathloop-singles/Pitch%2520Black%2520%2528Original%2520Trailer%2520Soundtrack%2529.mp3,,https://lambda.vgmtreasurechest.com/soundtracks/deathloop-singles/tonybnlo/Pitch%20Black%20%28Original%20Trailer%20Soundtrack%29.mp3,1,0,,,,,,,1,,,,,,,,,,,,,,,,,
Detroit : Become Human,Detroit : Become Human,Kara main theme,,https://downloads.khinsider.com/game-soundtracks/album/detroit-become-human-original-soundtrack/01.%2520Kara%2520Main%2520Theme.mp3,,https://vgmtreasurechest.com/soundtracks/detroit-become-human-original-soundtrack/udgxrrkz/01.%20Kara%20Main%20Theme.mp3,1,0,,,,,,,1,,,,,,,,,,,,,,,,,
Dishonored,Dishonored,Honor for all,Ending theme,,,https://vgmtreasurechest.com/soundtracks/dishonored-original-game-soundtrack-2013/seudqvpjzq/12.%20Honor%20for%20All%20-%20End%20Credits.mp3,1,0,,,,,,,1,,,,,,,,,,,,,,,,,
Divinity,Divinity : Original Sin 2,"Mead, Gold and Blood",,https://downloads.khinsider.com/game-soundtracks/album/divinity-original-sin-ii-original-soundtrack/02.%2520Mead%252C%2520Gold%2520and%2520Blood%2520%2528Ifan%2527s%2520Theme%2529.mp3,,https://vgmtreasurechest.com/soundtracks/divinity-original-sin-ii-original-soundtrack/wddguene/02.%20Mead%2C%20Gold%20and%20Blood%20%28Ifan%27s%20Theme%29.mp3,1,0,,,,,,,1,,,,,,,,,,,,,,,,,
Ender Magnolia,,,,,,,0,0,,,,,,,,,,,,,,,,,,,,,,,,
Fear and Hunger,Fear and Hunger 2 : Termina,Dark Outside,,https://downloads.khinsider.com/game-soundtracks/album/fear-hunger-2-termina-windows-gamerip-2022/44.%2520Dark%2520Outside.mp3,,https://jetta.vgmtreasurechest.com/soundtracks/fear-hunger-2-termina-windows-gamerip-2022/lwbqbili/44.%20Dark%20Outside.mp3,1,0,,,,,,,1,,,,,,,,,,,,,,,,,
Final Fantasy,Final Fantasy IV,Red Wings,,https://downloads.khinsider.com/game-soundtracks/album/final-fantasy-iv-world-2018/02.%2520Red%2520Wings.mp3,,https://lambda.vgmtreasurechest.com/soundtracks/final-fantasy-iv-world-2018/neiagbpt/02.%20Red%20Wings.mp3,2,0,,,,,,,1,,,1,,,,,,,,,,,,,,
Final Fantasy,Final Fantasy IV,The Prelude,,https://downloads.khinsider.com/game-soundtracks/album/final-fantasy-iv-world-2018/01.%2520The%2520Prelude.mp3,,https://lambda.vgmtreasurechest.com/soundtracks/final-fantasy-iv-world-2018/vxamgtce/01.%20The%20Prelude.mp3,2,0,,,,,,,1,,,1,,,,,,,,,,,,,,
Final Fantasy,Final Fantasy XV,Somnus,,https://downloads.khinsider.com/game-soundtracks/album/drammatica-the-very-best-of-yoko-shimomura/16.%2520Somnus.mp3,,,1,0,,,,,,,1,,,,,,,,,,,,,,,,,
Five Nights at Freddy,FNAF,Chimes ,,,,,3,0,1,1,,,,,1,,,,,,,,,,,,,,,,,
Geometry Dash,Geometry Dash,Main Menu,,,,,3,0,1,1,,,,,1,,,,,,,,,,,,,,,,,
Gran Turismo,GT3 A-spec,Splitstream,(arcade/menu),https://downloads.khinsider.com/game-soundtracks/album/gran-turismo-3-a-spec-original-game-sound-track/07.%2520Slipstream.mp3,,https://vgmtreasurechest.com/soundtracks/gran-turismo-3-a-spec-original-game-sound-track/adolmeji/07.%20Slipstream.mp3,1,0,,,,,,,1,,,,,,,,,,,,,,,,,
Grand Theft Auto,GTA 5,Welcome to Los Santos,,,,https://lambda.vgmtreasurechest.com/soundtracks/the-best-video-game-music-vol.2/wtchcoqk/06.%20Grand%20Theft%20Auto%20V%20%282013%29%20-%20Welcome%20to%20Los%20Santos%20-%20Main%20Theme.mp3,1,0,,,,,,,1,,,,,,,,,,,,,,,,,
Gravity Rush,,,,,,,0,0,,,,,,,,,,,,,,,,,,,,,,,,
Grime,Grime,,,,,,0,0,,,,,,,,,,,,,,,,,,,,,,,,
Guacamelee,Guacamelee,,,,,,0,0,,,,,,,,,,,,,,,,,,,,,,,,
Guilty Gear,Xrd,Django django,Menu,https://downloads.khinsider.com/game-soundtracks/album/guilty-gear-xrd-sign/3-08.%2520Django%2520django.mp3,,https://nu.vgmtreasurechest.com/soundtracks/guilty-gear-xrd-sign/weiewsbc/3-08.%20Django%20django.mp3,1,0,,,,,,,1,,,,,,,,,,,,,,,,,
Hollow Knight,Hollow Knight,Cornifer Hum,,,,,1,0,,,,,,,1,,,,,,,,,,,,,,,,,
Hollow Knight,Silksong,Fleatopia,,https://downloads.khinsider.com/game-soundtracks/album/hollow-knight-silksong-2025/47.%2520Fleatopia.mp3,,,1,0,,,,,,,1,,,,,,,,,,,,,,,,,
Hollow Knight,Silksong,Widow,,https://downloads.khinsider.com/game-soundtracks/album/hollow-knight-silksong-2025/15.%2520Widow.mp3,,,0,0,,,,,,,,,,,,,,,,,,,,,,,,
Hotline Miami,Hotline Miami 2,In the face of evil,,https://downloads.khinsider.com/game-soundtracks/album/hotline-miami-2-wrong-number/19.%2520In%2520the%2520Face%2520of%2520Evil.mp3,,,1,0,,,,,,,1,,,,,,,,,,,,,,,,,
Immortals Fenyx Rising,Immortals Fenyx Rising,Heart of the hero,,https://downloads.khinsider.com/game-soundtracks/album/immortals-fenyx-rising-2020/01.%2520Heart%2520of%2520the%2520Hero.mp3,,https://jetta.vgmtreasurechest.com/soundtracks/immortals-fenyx-rising-2020/lpphpbpt/01.%20Heart%20of%20the%20Hero.mp3,1,0,,,,,,,1,,,,,,,,,,,,,,,,,
Journey,Journey,I was Born for This,,,,https://lambda.vgmtreasurechest.com/soundtracks/journey/ryqmjldh/18%20I%20was%20Born%20for%20This.mp3,2,0,,,1,,,,1,,,,,,,,,,,,,,,,,
Krosmaga,Krosmaga,,,,,,0,0,,,,,,,,,,,,,,,,,,,,,,,,
League of Legends,League of Legends,Legends Never Die,,,,,8,0,1,1,,,,1,1,1,,1,1,1,,,,,,,,,,,,
League of Legends,League of Legends,Piercing Light,,,,,1,0,,,,,,,1,,,,,,,,,,,,,,,,,
Mario Kart,Mario Kart 8 Deluxe,Intro,,,,,9,0,1,1,,1,,1,1,1,,,1,1,,,,,,,,,,,1,
Mario Kart,Mario Kart DS,Main Menu,,,,https://audio.jukehost.co.uk/BgcQRq2X2ulEeDz0u21frIgwfDyoLKT4,8,0,1,1,1,,,1,1,1,,,1,1,,,,,,,,,,,,
Mario Party,,,,,,,1,0,,,,,,,,,,,,1,,,,,,,,,,,,
Mario Tennis,,,,,,,1,0,,,,,,,,,,,,1,,,,,,,,,,,,
Metaphor,Metaphor : ReFantazio,Warriors in Valour/Battle Theme,,,,,1,0,,,,,,,1,,,,,,,,,,,,,,,,,
Metroid,Metroid Dread,Quiet Robe,Lower Brinstar,,,,2,0,,,,,,,1,,1,,,,,,,,,,,,,,,
Metroid,Metroid Prime,Magmoor Caverns,,,,,2,0,,,,,,,1,,1,,,,,,,,,,,,,,,
Metroid,Metroid Zero Mission,Kraid's Lair,,,,,2,0,,,,,,,1,,1,,,,,,,,,,,,,,,
Metroid,Metroid Zero Mission,Norfair,,,,,1,0,,,,,,,1,,,,,,,,,,,,,,,,,
Metroid,Super Metroid,Brinstar red soil swampy area,Lower Brinstar,,,,2,0,,,,,,,1,,1,,,,,,,,,,,,,,,
Mina the Hollower,Mina the Hollower,,,,,,,0,,,,,,,,,,,,,,,,,,,,,,,,
Minecraft,Minecraft,Aria Math,,,,https://audio.jukehost.co.uk/HSYuARz9AwsuSfhW9MWrNh3QMbAHQwAg,11,0,1,1,1,1,1,1,1,1,1,,1,,,1,,,,,,,,,,
Minecraft,Minecraft,Sweden (Caution & Crisis Remix),,,,https://vgmtreasurechest.com/soundtracks/sweden-caution-crisis-remix-2011/auoxnltndo/01.%20Sweden%20%28Caution%20%26%20Crisis%20Remix%29.mp3,3,0,,,1,,,,1,,,1,,,,,,,,,,,,,,
Mio,Mio,,,,,,0,0,,,,,,,,,,,,,,,,,,,,,,,,
Nightmare Kart,Nightmare Kart,Main menu,,,,,1,0,,,,,,,1,,,,,,,,,,,,,,,,,
Nintendogs,,,,,,,0,0,,,,,,,,,,,,,,,,,,,,,,,,
Outer Wilds,Outer Wilds Echoes of the eye,The River,,https://downloads.khinsider.com/game-soundtracks/album/outer-wilds-echoes-of-the-eye-the-lost-reels-deluxe-original-game-soundtrack-2022/02.%2520The%2520River.mp3,,https://jetta.vgmtreasurechest.com/soundtracks/outer-wilds-echoes-of-the-eye-the-lost-reels-deluxe-original-game-soundtrack-2022/ezirkbaz/02.%20The%20River.mp3,3,0,,,1,,,,1,,,,,,,1,,,,,,,,,,
Outer Wilds,Outer Wilds Echoes of the eye,Traverlers' encore,,https://downloads.khinsider.com/game-soundtracks/album/outer-wilds-echoes-of-the-eye-the-lost-reels-deluxe-original-game-soundtrack-2022/21.%2520Travelers%2527%2520encore.mp3,,https://jetta.vgmtreasurechest.com/soundtracks/outer-wilds-echoes-of-the-eye-the-lost-reels-deluxe-original-game-soundtrack-2022/juwzipze/21.%20Travelers%27%20encore.mp3,2,0,,,,,,,1,,,,,,,1,,,,,,,,,,
Paper Mario,,,,,,,0,0,,,,,,,,,,,,,,,,,,,,,,,,
Persona,Persona,A lone prayer,,https://downloads.khinsider.com/game-soundtracks/album/persona-1-the-complete-soundtrack/3-009.%2520A%2520Lone%2520Prayer.mp3,,https://nu.vgmtreasurechest.com/soundtracks/persona-1-the-complete-soundtrack/ujioufui/3-009.%20A%20Lone%20Prayer.mp3,1,0,,,,,,,1,,,,,,,,,,,,,,,,,
Persona,Persona 3,The Voice Someone Calls,,,,,2,0,,,,,,,1,,,,,,,1,,,,,,,,,,
Persona,Persona 5 : The Phantom X,Ambitions and visions,,,,,1,0,,,,,,,1,,,,,,,,,,,,,,,,,
Pokemon,Gen 1,Celadon City (Céladopole),,https://downloads.khinsider.com/game-soundtracks/album/pokemon-red-green-blue-yellow/41%2520Celadon%2520City.mp3,,,2,0,,,,,,,1,,,1,,,,,,,,,,,,,,
Pokemon,Gen 1,Gym Battle,,https://downloads.khinsider.com/game-soundtracks/album/pokemon-red-green-blue-yellow/28.%2520Battle%2521%2520%2528Gym%2520Leader%2529.mp3,,,2,0,,,,,,,1,,,1,,,,,,,,,,,,,,
Pokemon,Gen 1,Hurry Along,,https://downloads.khinsider.com/game-soundtracks/album/pokemon-red-green-blue-yellow/06.%2520Hurry%2520Along.mp3,,,2,0,,,,,,,1,,,1,,,,,,,,,,,,,,
Pokemon,Gen 1,Lavanville,,,,,9,0,1,1,1,,,1,1,1,1,1,1,,,,,,,,,,,,,
Pokemon,Gen 1,Mt Moon (Mont sélénite),,https://downloads.khinsider.com/game-soundtracks/album/pokemon-red-green-blue-yellow/32%2520Mt.%2520Moon.mp3,,,2,0,,,,,,,1,,,1,,,,,,,,,,,,,,
Pokemon,Gen 1,Opening Movie (Red/Blue),,https://downloads.khinsider.com/game-soundtracks/album/pokemon-red-green-blue-yellow/01.%2520Opening%2520Movie%2520%2528Red%252C%2520Green%2520%2526%2520Blue%2520Version%2529.mp3,,,2,0,,,,,,,1,,,1,,,,,,,,,,,,,,
Pokemon,Gen 1,Pkmn Center,,https://downloads.khinsider.com/game-soundtracks/album/pokemon-red-green-blue-yellow/18%2520Pok%25C3%25A9mon%2520Center.mp3,,,2,0,,,,,,,1,,,1,,,,,,,,,,,,,,
Pokemon,Gen 1,Pkmn Gym,,https://downloads.khinsider.com/game-soundtracks/album/pokemon-red-green-blue-yellow/27%2520Pok%25C3%25A9mon%2520Gym.mp3,,,2,0,,,,,,,1,,,1,,,,,,,,,,,,,,
Pokemon,Gen 1,Rival,,https://downloads.khinsider.com/game-soundtracks/album/pokemon-red-green-blue-yellow/09.%2520Rival%2520Appears%2521.mp3,,,2,0,,,,,,,1,,,1,,,,,,,,,,,,,,
Pokemon,Gen 1,Route 1,,,,https://audio.jukehost.co.uk/3fscAMvpTRV4Yy7jOI344TKsyN0vcM4O,7,0,1,1,,,,1,1,1,,1,1,,,,,,,,,,,,,
Pokemon,Gen 1,Route 3,,https://downloads.khinsider.com/game-soundtracks/album/pokemon-red-green-blue-yellow/30%2520Route%25203.mp3,,,2,0,,,,,,,1,,,1,,,,,,,,,,,,,,
Pokemon,Gen 1,Title Screen,,https://downloads.khinsider.com/game-soundtracks/album/pokemon-red-green-blue-yellow/03%2520Title%2520Screen.mp3,,,2,0,,,,,,,1,,,1,,,,,,,,,,,,,,
Pokemon,Gen 1,Trainer (Boy),,https://downloads.khinsider.com/game-soundtracks/album/pokemon-red-green-blue-yellow/23.%2520A%2520Trainer%2520Appears%2520%2528Boy%2520Version%2529.mp3,,,2,0,,,,,,,1,,,1,,,,,,,,,,,,,,
Pokemon,Gen 1,Trainer Battle,,https://downloads.khinsider.com/game-soundtracks/album/pokemon-red-green-blue-yellow/12.%2520Victory%2521%2520%2528Trainer%2520Battle%2529.mp3,,,2,0,,,,,,,1,,,1,,,,,,,,,,,,,,
Pokemon,Gen 1,Victory Road,,https://downloads.khinsider.com/game-soundtracks/album/pokemon-red-green-blue-yellow/50%2520Victory%2520Road.mp3,,,2,0,,,,,,,1,,,1,,,,,,,,,,,,,,
Pokemon,Gen 1,Wild Pokemon Battle,,,,https://audio.jukehost.co.uk/kHFUUUOgtQozg8JKKMCxX5bChqEQoGbp,7,0,1,1,,,,1,1,1,,1,1,,,,,,,,,,,,,
Pokemon,Gen 5,Wild,,,,,4,0,1,1,,,,,1,1,,,,,,,,,,,,,,,,
Pokemon Donjon Mystère,Mystery Dungeon : Explorers of Sky,Dialga's Fight to the Finish!,,https://downloads.khinsider.com/game-soundtracks/album/pokemon-mystery-dungeon-explorers-of-sky/68.%2520Dialga%2527s%2520Fight%2520to%2520the%2520Finish%2521.mp3,,,1,0,,,,,,,1,,,,,,,,,,,,,,,,,
Pokemon Donjon Mystère,Mystery Dungeon : Explorers of Sky,Don't ever forget,,https://downloads.khinsider.com/game-soundtracks/album/pokemon-mystery-dungeon-explorers-of-sky/70.%2520Don%2527t%2520Ever%2520Forget....mp3,,,1,0,,,,,,,1,,,,,,,,,,,,,,,,,
Pokemon Donjon Mystère,Mystery Dungeon : Explorers of Sky,Temporal Tower,,https://downloads.khinsider.com/game-soundtracks/album/pokemon-mystery-dungeon-explorers-of-sky/64.%2520Temporal%2520Tower.mp3,,,1,0,,,,,,,1,,,,,,,,,,,,,,,,,
Portal,Portal 2,Robots FTW,,,,https://jetta.vgmtreasurechest.com/soundtracks/portal-2-soundtrack-songs-to-test-by-collectors-edition/dohvemyd/3-24%20-%20Robots%20FTW.mp3,2,0,,,1,,,,1,,,,,,,,,,,,,,,,,
Professor Layton,The Unwound Future,Theme of the Last Time Travel,,,,https://nu.vgmtreasurechest.com/soundtracks/professor-layton-and-the-unwound-future-hd-android-ios-mobile-gamerip-2020/gkjoswfk/01.%20Theme%20of%20the%20Last%20Time%20Travel.mp3,2,0,,,1,,,,1,,,,,,,,,,,,,,,,,
Ratchet and Clank,,,,,,,0,0,,,,,,,,,,,,,,,,,,,,,,,,
Rogue Legacy,,,,,,,0,0,,,,,,,,,,,,,,,,,,,,,,,,
Sea of Stars,Sea of Stars,"Dance of 1,000 Suns",,https://downloads.khinsider.com/game-soundtracks/album/sea-of-stars-original-soundtrack-2023/1-10.%2520Dance%2520Of%25201%252C000%2520Suns.mp3,,https://jetta.vgmtreasurechest.com/soundtracks/sea-of-stars-original-soundtrack-2023/vapzzafa/1-10.%20Dance%20Of%201%2C000%20Suns.mp3,1,0,,,,,,,1,,,,,,,,,,,,,,,,,
Sea of Stars,Sea of Stars,Encounter Elite,,,,https://jetta.vgmtreasurechest.com/soundtracks/sea-of-stars-original-soundtrack-2023/lkpxpjci/1-43.%20Encounter%20Elite%21.mp3,1,0,,,,,,,1,,,,,,,,,,,,,,,,,
Sea of Stars,Sea of Stars,Guardian Gods - Horizons Unbound,,https://downloads.khinsider.com/game-soundtracks/album/sea-of-stars-original-soundtrack-2023/2-34.%2520Guardian%2520Gods%2520-%2520Horizons%2520Unbound.mp3,,https://vgmtreasurechest.com/soundtracks/sea-of-stars-original-soundtrack-2023/jggnvqqf/2-34.%20Guardian%20Gods%20-%20Horizons%20Unbound.mp3,1,0,,,,,,,1,,,,,,,,,,,,,,,,,
Sea of Stars,Sea of Stars,Overture of Legend - The Beast Awakens,,https://downloads.khinsider.com/game-soundtracks/album/sea-of-stars-original-soundtrack-2023/2-31.%2520Overture%2520Of%2520Legend%2520-%2520The%2520Beast%2520Awakens.mp3,,https://vgmtreasurechest.com/soundtracks/sea-of-stars-original-soundtrack-2023/gnulvvqr/2-31.%20Overture%20Of%20Legend%20-%20The%20Beast%20Awakens.mp3,1,0,,,,,,,1,,,,,,,,,,,,,,,,,
Sea of Stars,Sea of Stars,Sky Base,,https://downloads.khinsider.com/game-soundtracks/album/sea-of-stars-original-soundtrack-physical-release-2023/2-14.%2520Sky%2520Base.mp3,,https://nu.vgmtreasurechest.com/soundtracks/sea-of-stars-original-soundtrack-physical-release-2023/pywphqho/2-14.%20Sky%20Base.mp3,1,0,,,,,,,1,,,,,,,,,,,,,,,,,
Shovel Knight,,,,,,,0,0,,,,,,,,,,,,,,,,,,,,,,,,
Shrek,Shrek: Dragon's Tale,,,,,,0,0,,,,,,,,,,,,,,,,,,,,,,,,
Silent Hill,Silent Hill,Lisa's theme,,,,https://www.youtube.com/watch?v=10z1Y5GW-GQ,1,0,,,,,,,1,,,,,,,,,,,,,,,,,
Sonic,Superstars,,,,,,0,0,,,,,,,,,,,,,,,,,,,,,,,,
Spiritfarer,Spiritfarer,What will you leave behind,,,,https://lambda.vgmtreasurechest.com/soundtracks/spiritfarer-farewell-edition-2022/xaralxctln/47.%20What%20Will%20You%20Leave%20Behind%20%28End%20Titles%29%20%5Bfeat.%20Maude%20Plante-Husaruk%5D.mp3,1,0,,,,,,,1,,,,,,,,,,,,,,,,,
Stellar Blade,Stellar Blade,Dawn,,https://downloads.khinsider.com/game-soundtracks/album/stellar-blade-soundtrack-2024/62.%2520Dawn.mp3,,,2,0,,,,,,,1,,,1,,,,,,,,,,,,,,
Stellar Blade,Stellar Blade,Raven,,,,https://jetta.vgmtreasurechest.com/soundtracks/stellar-blade-soundtrack-2024/booeejhj/144.%20Raven.mp3,3,0,,,,,,,1,,,1,,,,1,,,,,,,,,,
Stellar Blade,Stellar Blade,Silent Street (Battle),,https://downloads.khinsider.com/game-soundtracks/album/stellar-blade-soundtrack-2024/09.%2520Silent%2520Street%2520%2528Battle%2529.mp3,,,2,0,,,,,,,1,,,1,,,,,,,,,,,,,,
Stellar Blade,Stellar Blade,Wasteland (Reboot Type A),,,,https://jetta.vgmtreasurechest.com/soundtracks/stellar-blade-soundtrack-2024/rpzevppf/47.%20Wasteland%20%28Reboot%20Type%20A%29.mp3,3,0,,,,,,,1,,,1,,,,1,,,,,,,,,,
Stellar Blade,Stellar Blade,Wasteland (Reboot Type B),,,,https://jetta.vgmtreasurechest.com/soundtracks/stellar-blade-soundtrack-2024/flpoboog/48.%20Wasteland%20%28Reboot%20Type%20B%29.mp3,3,0,,,,,,,1,,,1,,,,1,,,,,,,,,,
Stellar Blade,Stellar Blade,Wasteland (Type B),,,,https://jetta.vgmtreasurechest.com/soundtracks/stellar-blade-soundtrack-2024/wvnddgwo/44.%20Wasteland%20%28Type%20B%29.mp3,3,0,,,,,,,1,,,1,,,,1,,,,,,,,,,
Suika Game,Suika Game,Original,,https://downloads.khinsider.com/game-soundtracks/album/suika-game-android-ios-switch-gamerip-2021/01.%2520Original.mp3,,https://nu.vgmtreasurechest.com/soundtracks/suika-game-android-ios-switch-gamerip-2021/dzgmeahpvf/01.%20Original.mp3,1,0,,,,,,,1,,,,,,,,,,,,,,,,,
Super Mario,New Super Mario Bros,Wanted,,,,,4,0,1,1,,,,,1,1,,,,,,,,,,,,,,,,
Super Mario,New Super Mario Bros. Wii,Desert,,,,,2,0,,,1,,,,1,,,,,,,,,,,,,,,,,
Super Mario,Super Mario 64,Main Theme,,,,https://lambda.vgmtreasurechest.com/soundtracks/super-mario-64-soundtrack/shhnuigj/05.%20Super%20Mario%2064%20Main%20Theme.mp3,2,0,,,1,,,,1,,,,,,,,,,,,,,,,,
Super Mario,Super Mario 64,Opening,,,,https://lambda.vgmtreasurechest.com/soundtracks/super-mario-64-soundtrack/oqnpnthc/04.%20Opening.mp3,2,0,,,1,,,,1,,,,,,,,,,,,,,,,,
Super Mario,Super Mario Maker,,,,,,0,0,,,,,,,,,,,,,,,,,,,,,,,,
Super Mario,Super Mario Odyssey,Bowser's Castle Main courtyard,,https://downloads.khinsider.com/game-soundtracks/album/super-mario-odyssey-original-soundtrack/2-29.%2520Bowser%2527s%2520Castle%2520-%2520Main%2520Courtyard.mp3,,,1,0,,,,,,,1,,,,,,,,,,,,,,,,,
Super Mario,Super Mario Odyssey,Caves,,https://downloads.khinsider.com/game-soundtracks/album/super-mario-odyssey-original-soundtrack/3-21.%2520Caves.mp3,,,2,0,,,,,,,1,,,1,,,,,,,,,,,,,,
Super Mario,Super Mario Odyssey,Jump Up Super Star !,,,,,6,0,1,1,,,,1,1,,,1,,,,,,,1,,,,,,,
Super Mario,Super Mario Odyssey,Shiveria Town,,https://downloads.khinsider.com/game-soundtracks/album/super-mario-odyssey-original-soundtrack/2-14.%2520Shiveria%2520Town.mp3,,,2,0,,,,,,,1,,,1,,,,,,,,,,,,,,
Super Mario,Super Mario Odyssey,Title SCreen,,https://downloads.khinsider.com/game-soundtracks/album/super-mario-odyssey-original-soundtrack/1-01.%2520Title%2520Screen.mp3,,,2,0,,,,,,,1,,,1,,,,,,,,,,,,,,
Super Mario,Super Mario Odyssey,You got a Moon 1,,https://downloads.khinsider.com/game-soundtracks/album/super-mario-odyssey-original-soundtrack/1-10.%2520You%2520Got%2520a%2520Moon%2521%25201.mp3,,,2,0,,,,,,,1,,,1,,,,,,,,,,,,,,
Super Reaktor,Super Reaktor,Trailer Theme,,,,https://www.youtube.com/watch?v=UDo2C_QKf_o,2,0,,,1,,,,1,,,,,,,,,,,,,,,,,
Super Smash Bros,Melee,Brinstar,Metroid,,,,1,0,,,,,,,1,,,,,,,,,,,,,,,,,
Tekken,Tekken 4,Jet,Character select,https://downloads.khinsider.com/game-soundtracks/album/tekken-4-ps2-gamerip-2002/1-02%2520-%2520Jet.mp3,,,1,0,,,,,,,1,,,,,,,,,,,,,,,,,
Tekken,Tekken 4,Kitsch,,https://downloads.khinsider.com/game-soundtracks/album/tekken-4-ps2-gamerip-2002/1-08%2520-%2520Kitsch.mp3,,,1,0,,,,,,,1,,,,,,,,,,,,,,,,,
Teslagrad,,,,,,,0,0,,,,,,,,,,,,,,,,,,,,,,,,
The Messenger,The Messenger,Hills of Destiny,Autumn Hills (Past),https://downloads.khinsider.com/game-soundtracks/album/the-messenger-disc-i-the-past-2018/03%2520Hills%2520of%2520Destiny%2520%2528Autumn%2520Hills%2529.mp3,,,2,0,,,,,,,1,,,1,,,,,,,,,,,,,,
The Messenger,The Messenger,Impossible Ascent,Searing Crags (Past),https://downloads.khinsider.com/game-soundtracks/album/the-messenger-disc-i-the-past-2018/12%2520Impossible%2520Ascent%2520%2528Searing%2520Crags%2529.mp3,,,2,0,,,,,,,1,,,1,,,,,,,,,,,,,,
The Messenger,The Messenger,Quillshroom's Horrors ,Quillshroom Marsh (Past),https://downloads.khinsider.com/game-soundtracks/album/the-messenger-disc-i-the-past-2018/10%2520Quillshroom%2527s%2520Horrors%2520%2528Quillshroom%2520Marsh%2529.mp3,,,2,0,,,,,,,1,,,1,,,,,,,,,,,,,,
The Messenger,The Messenger,The Arcane Shoppe,Shop (Past),https://downloads.khinsider.com/game-soundtracks/album/the-messenger-disc-i-the-past-2018/18%2520The%2520Arcane%2520Shoppe.mp3,,,2,0,,,,,,,1,,,1,,,,,,,,,,,,,,
The Messenger,The Messenger,The Frozen Light,Glacial Peak (Past),https://downloads.khinsider.com/game-soundtracks/album/the-messenger-disc-i-the-past-2018/14%2520The%2520Frozen%2520Light%2520%2528Glacial%2520Peak%2529.mp3,,,2,0,,,,,,,1,,,1,,,,,,,,,,,,,,
The Messenger,The Messenger,The shopkeeper,Shop (Future),https://downloads.khinsider.com/game-soundtracks/album/the-messenger-disc-ii-the-future-2018/11%2520The%2520Shopkeeper.mp3,,https://nu.vgmtreasurechest.com/soundtracks/the-messenger-disc-ii-the-future-2018/ltjorrka/11%20The%20Shopkeeper.mp3,2,0,,,,,,,1,,,1,,,,,,,,,,,,,,
The Midnight Walk,The Midnight Walk,Gräns,,https://downloads.khinsider.com/game-soundtracks/album/the-midnight-walk-original-game-soundtrack-2025/30.%2520Gr%25C3%25A4ns.mp3,,https://lambda.vgmtreasurechest.com/soundtracks/the-midnight-walk-original-game-soundtrack-2025/mpwnejpvcv/30.%20Gr%C3%A4ns.mp3,1,0,,,,,,,1,,,,,,,,,,,,,,,,,
Undertale,Underfell : Stories from the sea,Sans theme,,,,https://www.youtube.com/watch?v=uMUCJdpEPQs,1,0,,,,,,,1,,,,,,,,,,,,,,,,,
Undertale,Undertale,Megalovania,,,,https://audio.jukehost.co.uk/vWAIpKb10Awx0PDh05N6XlXX1ukeEzvN,11,0,1,1,1,,,1,1,1,1,1,1,,1,,,,,,1,,,,,
Wii Sports,Wii Sports,Title Theme,,,,,8,0,1,1,1,,,1,1,1,,,1,,,,,,,,,,,,1,
Zelda,A Link Between Worlds,Ballad of the Goddess (version milk bar),,,,https://nu.vgmtreasurechest.com/soundtracks/the-legend-of-zelda-a-link-between-worlds-original-soundtrack-2014/yzaycjrsps/2-42.%20Ballad%20of%20the%20Goddess%20%28Milk%20Bar%20Musicians%29.mp3,2,0,,,1,,,,1,,,,,,,,,,,,,,,,,
Zelda,A Link Between Worlds,Lorule Castle,,,,https://nu.vgmtreasurechest.com/soundtracks/the-legend-of-zelda-a-link-between-worlds-original-soundtrack-2014/ppcbtqychp/2-23.%20Lorule%20Castle.mp3,2,0,,,1,,,,1,,,,,,,,,,,,,,,,,
Zelda,A Link Between Worlds,Sneaking into the Dark Palace,,,,https://nu.vgmtreasurechest.com/soundtracks/the-legend-of-zelda-a-link-between-worlds-original-soundtrack-2014/jxwjacddqx/2-15.%20Sneaking%20into%20the%20Dark%20Palace.mp3,2,0,,,1,,,,1,,,,,,,,,,,,,,,,,
Zelda,A Link To the Past,Sactuary Dungeon,,,,https://jetta.vgmtreasurechest.com/soundtracks/legend-of-zelda-the-a-link-to-the-past-snes/tutksjpa/16.%20Sanctuary%20Dungeon.mp3,2,0,,,1,,,,1,,,,,,,,,,,,,,,,,
Zelda,Hyrule Warriors : Age of calamity,The knight who seals the darkness,,,,,1,0,,,,,,,1,,,,,,,,,,,,,,,,,
Zelda,Link's Awakening 2019,Mabe Village,,,,https://nu.vgmtreasurechest.com/soundtracks/legend-of-zelda-the-link-s-awakening-2019-remake-gamerip/saxnuktm/1-10%20Mabe%20Village.mp3,2,0,,,1,,,,1,,,,,,,,,,,,,,,,,
Zelda,Majora's Mask,Song of healing,,,,,2,0,,,1,,,,1,,,,,,,,,,,,,,,,,
,,,,,,,0,0,,,,,,,,,,,,,,,,,,,,,,,,
,,,,,,,0,0,,,,,,,,,,,,,,,,,,,,,,,,
,,,,,,,0,0,,,,,,,,,,,,,,,,,,,,,,,,
,,,,,,,0,0,,,,,,,,,,,,,,,,,,,,,,,,
,,,,,,,0,0,,,,,,,,,,,,,,,,,,,,,,,,
,,,,,,,0,0,,,,,,,,,,,,,,,,,,,,,,,,
,,,,,,,0,0,,,,,,,,,,,,,,,,,,,,,,,,
,,,,,,,0,0,,,,,,,,,,,,,,,,,,,,,,,,
,,,,,,,0,0,,,,,,,,,,,,,,,,,,,,,,,,
,,,,,,,0,0,,,,,,,,,,,,,,,,,,,,,,,,
,,,,,,,0,0,,,,,,,,,,,,,,,,,,,,,,,,
,,,,,,,0,0,,,,,,,,,,,,,,,,,,,,,,,,
,,,,,,,0,0,,,,,,,,,,,,,,,,,,,,,,,,
,,,,,,,0,0,,,,,,,,,,,,,,,,,,,,,,,,
,,,,,,,0,0,,,,,,,,,,,,,,,,,,,,,,,,
,,,,,,,0,0,,,,,,,,,,,,,,,,,,,,,,,,
,,,,,,,0,0,,,,,,,,,,,,,,,,,,,,,,,,
,,,,,,,0,0,,,,,,,,,,,,,,,,,,,,,,,,
,,,,,,,0,0,,,,,,,,,,,,,,,,,,,,,,,,
,,,,,,,0,0,,,,,,,,,,,,,,,,,,,,,,,,
,,,,,,,0,0,,,,,,,,,,,,,,,,,,,,,,,,
,,,,,,,0,0,,,,,,,,,,,,,,,,,,,,,,,,
,,,,,,,0,0,,,,,,,,,,,,,,,,,,,,,,,,
,,,,,,,0,0,,,,,,,,,,,,,,,,,,,,,,,,
,,,,,,,0,0,,,,,,,,,,,,,,,,,,,,,,,,
,,,,,,,0,0,,,,,,,,,,,,,,,,,,,,,,,,
,,,,,,,0,0,,,,,,,,,,,,,,,,,,,,,,,,
,,,,,,,0,0,,,,,,,,,,,,,,,,,,,,,,,,
,,,,,,,0,0,,,,,,,,,,,,,,,,,,,,,,,,
,,,,,,,0,0,,,,,,,,,,,,,,,,,,,,,,,,
,,,,,,,0,0,,,,,,,,,,,,,,,,,,,,,,,,
,,,,,,,0,0,,,,,,,,,,,,,,,,,,,,,,,,
,,,,,,,0,0,,,,,,,,,,,,,,,,,,,,,,,,
,,,,,,,0,0,,,,,,,,,,,,,,,,,,,,,,,,
,,,,,,,0,0,,,,,,,,,,,,,,,,,,,,,,,,
,,,,,,,0,0,,,,,,,,,,,,,,,,,,,,,,,,
,,,,,,,0,0,,,,,,,,,,,,,,,,,,,,,,,,
,,,,,,,0,0,,,,,,,,,,,,,,,,,,,,,,,,
,,,,,,,0,0,,,,,,,,,,,,,,,,,,,,,,,,
,,,,,,,0,0,,,,,,,,,,,,,,,,,,,,,,,,
,,,,,,,0,0,,,,,,,,,,,,,,,,,,,,,,,,
,,,,,,,0,0,,,,,,,,,,,,,,,,,,,,,,,,
,,,,,,,0,0,,,,,,,,,,,,,,,,,,,,,,,,
,,,,,,,0,0,,,,,,,,,,,,,,,,,,,,,,,,
,,,,,,,0,0,,,,,,,,,,,,,,,,,,,,,,,,
,,,,,,,0,0,,,,,,,,,,,,,,,,,,,,,,,,
,,,,,,,0,0,,,,,,,,,,,,,,,,,,,,,,,,
,,,,,,,0,0,,,,,,,,,,,,,,,,,,,,,,,,
,,,,,,,0,0,,,,,,,,,,,,,,,,,,,,,,,,
,,,,,,,0,0,,,,,,,,,,,,,,,,,,,,,,,,
,,,,,,,0,0,,,,,,,,,,,,,,,,,,,,,,,,
,,,,,,,0,0,,,,,,,,,,,,,,,,,,,,,,,,
,,,,,,,0,0,,,,,,,,,,,,,,,,,,,,,,,,
,,,,,,,0,0,,,,,,,,,,,,,,,,,,,,,,,,
,,,,,,,0,0,,,,,,,,,,,,,,,,,,,,,,,,
,,,,,,,0,0,,,,,,,,,,,,,,,,,,,,,,,,
,,,,,,,0,0,,,,,,,,,,,,,,,,,,,,,,,,
,,,,,,,0,0,,,,,,,,,,,,,,,,,,,,,,,,
,,,,,,,0,0,,,,,,,,,,,,,,,,,,,,,,,,
,,,,,,,0,0,,,,,,,,,,,,,,,,,,,,,,,,
,,,,,,,0,0,,,,,,,,,,,,,,,,,,,,,,,,
,,,,,,,0,0,,,,,,,,,,,,,,,,,,,,,,,,
,,,,,,,0,0,,,,,,,,,,,,,,,,,,,,,,,,
,,,,,,,0,0,,,,,,,,,,,,,,,,,,,,,,,,
,,,,,,,0,0,,,,,,,,,,,,,,,,,,,,,,,,
,,,,,,,0,0,,,,,,,,,,,,,,,,,,,,,,,,
,,,,,,,0,0,,,,,,,,,,,,,,,,,,,,,,,,
,,,,,,,0,0,,,,,,,,,,,,,,,,,,,,,,,,
,,,,,,,0,0,,,,,,,,,,,,,,,,,,,,,,,,
,,,,,,,0,0,,,,,,,,,,,,,,,,,,,,,,,,
,,,,,,,0,0,,,,,,,,,,,,,,,,,,,,,,,,
,,,,,,,0,0,,,,,,,,,,,,,,,,,,,,,,,,
,,,,,,,0,0,,,,,,,,,,,,,,,,,,,,,,,,
,,,,,,,0,0,,,,,,,,,,,,,,,,,,,,,,,,
,,,,,,,0,0,,,,,,,,,,,,,,,,,,,,,,,,
,,,,,,,0,0,,,,,,,,,,,,,,,,,,,,,,,,
,,,,,,,0,0,,,,,,,,,,,,,,,,,,,,,,,,
,,,,,,,0,0,,,,,,,,,,,,,,,,,,,,,,,,
,,,,,,,0,0,,,,,,,,,,,,,,,,,,,,,,,,
,,,,,,,0,0,,,,,,,,,,,,,,,,,,,,,,,,
Animal Crossing,Animal Crossing : New Horizons,Title Screen,AC/ACNH,,,,12,1,1,1,1,,,1,1,1,,0,1,1,,1,1,,,,1,,,,,
Mario Kart,Mario Kart 8 Deluxe,Champidrome,,,,,7,1,1,1,,,,0,1,1,,,1,1,,,,,,,,,,,,
Mario Kart,Mario Kart 8 Deluxe,Selection Screen,,,,,7,1,1,1,,,,1,1,0,,,1,1,,,,,,,,,,,,
Outer Wilds,Outer Wilds,Outer wilds,,,,https://lambda.vgmtreasurechest.com/soundtracks/outer-wilds-original-soundtrack/pjaaacjo/02.%20Outer%20Wilds.mp3,10,1,1,0,1,1,,1,1,1,1,1,1,,,,,,,,,,,,,
Pacman,Pacman,Pacman,,,,https://audio.jukehost.co.uk/k2jHOUFZVPeW7TArfoyMFk20263j2H9e,7,1,1,1,,,,,1,1,,1,1,,,,,,,,,,,,0,
Sonic,Sonic,Green Hill Zone,,,,,10,1,1,0,1,,,1,1,1,1,1,1,,,,,,,,1,,,,,
Super Mario,Super Mario 64,File Select,,,,,8,1,1,1,1,,,1,1,1,,0,1,,,,,,,,,,,,,
Super Mario,Super Mario Galaxy 2,Prologue,,,,,7,1,1,1,,,,,1,1,,0,,,,,,,1,,,,,,1,
Super Mario,Super Mario Odyssey,New Donk City,,,,,7,1,1,1,,,,1,1,1,,1,,,,,,,0,,,,,,,
Super Smash Bros,Brawl,Main Theme,,,,https://audio.jukehost.co.uk/aOE452SlhObNx4WY2YVbFjJtl0Eh7q3t,10,1,1,1,,,,1,1,1,,0,1,,1,1,,,,,1,,,,,
Wii Sports,Wii Sports Resort,Title Theme,,,,,8,1,1,0,1,,,1,1,1,,1,1,,,,,,,,,,,,,
Yakuza,Yakuza 0,Baka Mitai,,,,https://audio.jukehost.co.uk/JnNHQvBTt2bQi6SQKOtUvePPa7YUPKWz,7,1,1,1,,,,,1,,,0,1,,,,1,,1,,,,,,,
Zelda,Breath of the wild,Main theme,,,,https://audio.jukehost.co.uk/4JE7qzM1tquUSTv5Cwf9cpd0ZYwyFMc6,11,1,1,1,1,,,1,1,1,1,0,1,,1,,,,,1,,,,,,
Angry Birds,Angry Birds,Title Theme,,,,,12,2,1,1,,1,,1,1,1,,,1,1,,1,1,,0,,,,,0,,
Celeste,Celeste,First Steps,,,,https://dn720306.ca.archive.org/0/items/official-celeste-original-soundtrack-06-checking-in/%5BOfficial%5D%20Celeste%20Original%20Soundtrack%20-%2016%20-%20Confronting%20Myself.mp3,10,2,0,1,1,,,1,1,1,1,,1,0,,,1,,,,,,,,,
Civilization,Civilization VI,Sogno Di Volare,Main Theme,,,https://ia600809.us.archive.org/2/items/christopher-tin-sogno-di-volare-the-dream-of-flight-civilization-vi-main-theme/Christopher%20Tin%20-%20Sogno%20di%20Volare%20%28The%20Dream%20of%20Flight%29%20%28Civilization%20VI%20Main%20Theme%29.mp3,12,2,1,1,1,,1,1,1,1,1,,1,0,,,0,,,,,,,,1,
Deltarune,Deltarune,Rude buster,,,,https://audio.jukehost.co.uk/0oubGAlEC9MBFjGlWhQul743H3oQ6Fmj,5,2,1,1,,,,,1,,,,0,,,,,,1,,,,,,,
Final Fantasy,Final Fantasy XIV,Prelude,,,,https://audio.jukehost.co.uk/q6OO0oFJoKvK4BgrQcNofoPIaIFqyPzv,5,2,1,0,,,,,1,,,,1,,,,,,1,,,,,,,
Five Nights at Freddy,FNAF,Music Box,Freddy Sound,,,,10,2,1,1,,,,1,1,1,,,0,1,1,,,,,,,,,1,0,
Kirby,Kirby Super Star,Green Greens,,,,,9,2,1,1,,,,1,1,1,,0,0,1,1,,,,,,,,,,,
League of Legends,League of Legends,Fire to the fuse,,,,,5,2,1,0,,,,,1,1,,1,,,,,,,,,,,,,,
Minecraft,Minecraft,Dry Hands,,,,https://vgmtreasurechest.com/soundtracks/minecraft-gamerip-2011/jtvbvnekbz/1-08.%20Dry%20Hands.mp3,10,2,1,0,1,1,1,1,0,1,1,,1,,,,,,,,,,,,,
Minecraft,Minecraft,Subwoofer Lullaby,,,,https://vgmtreasurechest.com/soundtracks/minecraft-gamerip-2011/xulrsqrqwj/1-02.%20Subwoofer%20Lullaby.mp3,5,2,1,0,1,,,,1,1,,,,,,,,,,,,,,,,
Minecraft,Minecraft,Sweden,,,,https://vgmtreasurechest.com/soundtracks/minecraft-gamerip-2011/czcabeqevb/1-12.%20Sweden.mp3,10,2,1,0,1,1,1,1,1,1,1,,0,,,,,,,,,,,,,
Minecraft,Minecraft,Wet Hands,,,,https://vgmtreasurechest.com/soundtracks/minecraft-gamerip-2011/tqsspcaowj/1-09.%20Wet%20Hands.mp3,12,2,1,1,1,1,1,1,0,1,1,,1,,,1,,,,,0,,,,,
Persona,Persona 4 : Dancing all night,Specialist,,https://downloads.khinsider.com/game-soundtracks/album/persona-4-dancing-all-night-the-complete-soundtrack/25.%2520Specialist%2520%2528Never%2520More%2520P4D-EDIT%2520ver.%2529.mp3,,https://jetta.vgmtreasurechest.com/soundtracks/persona-4-dancing-all-night-the-complete-soundtrack/wdbvxeaq/25.%20Specialist%20%28Never%20More%20P4D-EDIT%20ver.%29.mp3,6,2,1,0,,,,,1,1,,,,,,1,,,1,,,,,,,
Plants vs Zombies,Plants vs Zombies,Day Stage,,,,https://audio.jukehost.co.uk/avNKmwRyb75lekzHuFKNSOkSnUH9bu9n,5,2,1,1,,,,,1,1,,,0,,,,,,,,,,,,,
Plants vs Zombies,Plants vs Zombies,Main Menu,,,,https://audio.jukehost.co.uk/aaDpWbGwXYvnzHps14ioTxE6jKOrbN9t,6,2,1,1,,,,,1,1,,,0,,,,,,,1,,,,,,
Plants vs Zombies,Plants vs Zombies,Mini Games,,,,https://audio.jukehost.co.uk/5zG6fvWAJDif1tivZoXs8ahSHXQoYPq2,6,2,1,1,,,,1,1,1,,,0,,,,,,,,,,,,,
Pokemon,Gen 3,Title,,,,https://audio.jukehost.co.uk/tZGnya2JfTGHehqZA9yU8iI0poPiH3jY,6,2,1,0,,,,1,1,1,,,1,,,,,,,,,,,,,
Pokemon,Gen 5,Arabelle,,,,https://audio.jukehost.co.uk/wTF7nkhQZwHygyN63BN0LxxYvLYzjRWq,5,2,1,1,,,,,1,,,,1,,,,,,0,,,,,,,
Pokemon,Gen 5,Emotion,,,,https://audio.jukehost.co.uk/IWm2VAvStcbJcXfafDpERlr8PG9x004N,6,2,1,1,,,,0,1,1,,,1,,,,,,,,,,,,,
Pokemon,Gen 5,Port Youneve,Driftveil City,,,https://audio.jukehost.co.uk/Lx2mA69w9jFMFGkh5T5tXZFkhdvJYqxf,5,2,1,1,,,,,1,,,,1,,,,,,0,,,,,,,
Subway Surfers,Subway Surfers,Main Theme,Subway Surfer,,,,9,2,1,0,1,,,1,1,1,,,1,,,,,,,,,,0,,1,
Super Mario,Super Mario Bros.,Underground,,,,,9,2,1,1,,,,1,1,1,,0,1,,,1,,,,,,,,,0,
Super Mario,Super Mario Galaxy,Good Egg Galaxy,,,,https://audio.jukehost.co.uk/jPsWPnPPyydiQmW23All09UTPP8vElZ5,6,2,1,1,,,,,1,1,,0,,,,,,,1,,,,,,,
Super Mario,Super Mario Galaxy,Gusty Garden Galaxy,,,,,6,2,1,1,,,,1,1,,,0,,,,1,,,,,,,,,,
Super Mario,Super Mario Galaxy,Opening,,,,https://audio.jukehost.co.uk/RBDS5V3eJUeQI5eNLDLqP3PZ7EhDGfkq,5,2,1,1,,,,1,1,,,0,,,,,,,,,,,,,,
Super Mario,Super Mario Galaxy 2,Title,,,,,6,2,1,1,,,,,1,1,,0,,,,,,,1,,,,,,,
Super Smash Bros,Ultimate,Lifelight,,,,https://audio.jukehost.co.uk/kiAWccCFnmr5N6MH7CH9qDszUlBHouOa,13,2,1,1,1,,,1,1,1,1,1,1,,1,1,,,,0,0,,,,,
Supercell,Clash of Clans,Combat,,,,,5,2,1,0,,,,,1,1,,,,,,,,,,,1,,,,,
Supercell,Clash of Clans,Intro,,,,,5,2,1,0,,,,1,1,1,,,,,,,,,,,,,,,,
Team Fortress,Team Fortress 2,Main theme,,,,https://audio.jukehost.co.uk/lZLHzosNYrbRhJ4Z2vtOMiWFFjHWDYfV,6,2,1,0,,,,1,1,1,,,,,,,,,1,,,,,,,
Untitled Goose Game,Untitled Goose Game,Quack,,,,,6,2,1,0,,,,1,1,1,,,1,,,,,,,,,,,,,
Zelda,Breath of the wild,Kakariko Village (Day),,,,,9,2,0,1,1,,,1,1,1,1,0,1,,,,,,,,,,,,,
Zelda,Link's Awakening,Overworld,,,,https://audio.jukehost.co.uk/Iz6dnanXrVLD4kzKZGdS4h385ZkmHbEz,10,2,1,1,1,,,0,1,1,1,0,1,,1,,,,,,,,,,,
Zelda,Ocarina of time,Gerudo valley,,,,https://audio.jukehost.co.uk/1wFkgKbyD1SkiMAEgiDRewr869iCDoCz,12,2,1,1,1,,1,1,1,1,1,0,1,,1,,,,,,0,,,,,
Zelda,Ocarina of time,Song of Storms,,,,https://audio.jukehost.co.uk/nSGQjwDfWE7BMmOk1UIU2uUnfu80bFPj,10,2,1,1,1,,,0,1,1,1,0,1,,1,,,,,,,,,,,
Zelda,Spirit Tracks,Realm Overworld,,,,https://jetta.vgmtreasurechest.com/soundtracks/the-legend-of-zelda-spirit-tracks/gzggnvqp/058.%20Overworld%20Adventure.mp3,10,2,1,1,1,,,1,1,1,1,0,0,,1,,,,,,,,,,,
Ace Attorney,Phoenix Wright: Ace Attorney,Cornered,,,,https://audio.jukehost.co.uk/GCPvOmkHdBEDjY4OAdRds3QaC50jZCQn,15,3,1,1,1,,,0,1,1,1,0,0,1,,1,1,,1,,,,1,,0,
Ace Attorney,Phoenix Wright: Ace Attorney,Objection,,,,https://audio.jukehost.co.uk/KFT3JYfQFMlU1TT4aSMUIIyysxfGCOk7,14,3,1,0,1,,,0,1,1,1,0,0,1,,1,1,,1,,,,1,,,
Angry Birds,Bad Piggies,Main Theme,,,,https://audio.jukehost.co.uk/Cly4nSycDbot03KacGRD59iC2iwnmX4F,15,3,1,0,1,0,,1,1,1,1,1,0,1,,1,1,,0,,,,1,,,
Celeste,Celeste,Reach for the Summit,,,,https://audio.jukehost.co.uk/JsBLSwloMXcMn9nMhpPDoAJ9Zo7J4NNO,7,3,0,1,1,,,,1,1,,,0,,,,,,1,,,,,,,
Celeste,Celeste,Reflection,,,,https://audio.jukehost.co.uk/E92dzGhFp8646cUUD6RxhBg6CVuS9IPB,7,3,0,1,1,,,,1,1,,,0,,,,,,1,,,,,,,
Clair Obscur: Expedition 33,Clair Obscur: Expedition 33,flying waters - goblu,goblu,,,https://www.youtube.com/watch?v=oeFkb3LsmlQ,4,3,,,0,,,,1,,,1,,,,1,,,,,,,,,,
Clair Obscur: Expedition 33,Clair Obscur: Expedition 33,"Simon, The Divergent Star",,,,https://www.youtube.com/watch?v=6aMIr6KI0Xc,4,3,,,0,,,,1,,,1,,,,1,,,,,,,,,,
Donkey Kong Country,Donkey Kong Country,Theme,,,,https://audio.jukehost.co.uk/kcXZ1RtYXhWVN2QpcLDzsJRD4E1hIUDD,12,3,1,1,1,1,,0,1,1,,0,1,1,,,0,,,,,,,,0,
Doom,Doom,At Doom's Gate,,,,https://audio.jukehost.co.uk/5aQJYrP6AtM5gsFrLuV3fTMFZTX2NHOf,8,3,0,1,,,,1,1,1,,,1,,,,,,1,,,,,,0,
Elden Ring,Elden Ring,Malenia,,,,https://audio.jukehost.co.uk/4Lk8hySg1bo8lyLYuaJ3gSqqcsFm8hrP,12,3,1,1,0,0,,,1,1,,1,1,0,,,1,,,,,,0,,1,
Geometry Dash,Geometry Dash,Stereo Madness,,,,https://lambda.vgmtreasurechest.com/soundtracks/geometry-dash-android-ios-macos-windows-gamerip-2013/czrmjkva/34.%20Stereo%20Madness.mp3,3,3,1,0,,,,,1,,,,,,,,,,,,,,,,,
Hades,Hades,Lament of Orpheus,,,,https://audio.jukehost.co.uk/h2tTeoHikGdmBQYVXyTLKV6gPxDXrFTC,11,3,1,1,0,,,1,1,1,1,0,1,0,,,,,,,,,,,1,
Kirby,Kirby Super Star,Gourmet Race,,,,,10,3,1,1,,,,1,1,0,,0,0,1,1,,,,,,,,,,1,
LEGO,Lego City Undercover,Lego City Undercover,,,,,3,3,,0,,,,,1,,,,,,,1,,,,,,,,,,
Luigi's Mansion,Luigi's Mansion,E. Gadd's Lab,Lab,,,https://audio.jukehost.co.uk/YB4y7wUFp2kMTrUWcXageHqqsBUkJ9Q8,11,3,1,1,,1,,1,1,0,,1,1,1,,,,,0,,,,,,0,
Luigi's Mansion,Luigi's Mansion 3,Title Theme,,,,https://audio.jukehost.co.uk/F2Pscjk8o5IWBUQ5tI6Wdh0rXJc0RZSc,11,3,1,1,,,,1,1,0,,1,1,1,,,,,,,,,1,0,0,
Mario Kart,Mario Kart 8 Deluxe,Sweet Sweet Canyon,,,,https://audio.jukehost.co.uk/nVI3I5cdGc0j3yhFBiHmZeMGmr3KX2tI,8,3,1,0,,,,1,1,1,,,1,1,,,,,,,,,,,0,
Mario Kart,Mario Kart DS,Luigi's Mansion,,,,https://audio.jukehost.co.uk/lBoLTZZ5pM9tPu9HlKNHu3RYOkvB28in,7,3,1,0,1,,,1,1,,,,0,1,,,,,,,,,,,,
Mario Kart,Mario Kart DS,Mario Circuit,,,,https://audio.jukehost.co.uk/JN33heZKJN61RMKNWisMlm8Uvz8puVVB,7,3,1,0,0,,,1,1,,,,1,1,,,,,,,,,,,,
Mario Kart,Mario Kart DS,Single Player Menu,,,,https://audio.jukehost.co.uk/sMtDZZG1CxhfbzDmykUeGhTFGwpHdON7,7,3,1,0,1,,,1,1,,,,0,1,,,,,,,,,,,,
Mario Kart,Mario Kart Wii,Supermarché Coco,,,,,8,3,1,0,1,1,,0,1,,,,1,1,,,,,,,,,,,,
NieR,NieR: Automata,Emil - Despair,,,,https://www.youtube.com/watch?v=_gIlIOasfG4,3,3,,,0,,,,1,,,,,,,1,,,,,,,,,,
Outer Wilds,Outer Wilds,Travelers,,,,https://lambda.vgmtreasurechest.com/soundtracks/outer-wilds-original-soundtrack/nrvbvzmk/20.%20Travelers.mp3,11,3,1,0,1,1,,1,1,1,1,1,0,,,,,,,,0,,,,,
Outer Wilds,Outer Wilds Echoes of the eye,Echoes of the eye,,https://downloads.khinsider.com/game-soundtracks/album/outer-wilds-echoes-of-the-eye-the-lost-reels-deluxe-original-game-soundtrack-2022/19.%2520Echoes%2520of%2520the%2520Eye.mp3,,https://audio.jukehost.co.uk/pF7HrZK4E2y7uWcdxnSK44lTTbMfP03D,9,3,1,0,,,,1,1,1,,1,0,,,,,,,,,,1,,0,
Persona,Persona 3 Reload,Iwatodai Dorm -Reload-,,https://downloads.khinsider.com/game-soundtracks/album/persona-3-reload-original-soundtrack-2024/1-11.%2520Iwatodai%2520Dorm%2520-Reload-.mp3,,,3,3,,0,,,,,1,,,,,,,1,,,,,,,,,,
Persona,Persona 3 Reload,The Voice Someone Calls,,https://downloads.khinsider.com/game-soundtracks/album/persona-3-reload-original-soundtrack-2024/1-12.%2520The%2520Voice%2520Someone%2520Calls%2520%2528P3R%2520ver.%2529.mp3,,,3,3,,0,,,,,1,,,,,,,1,,,,,,,,,,
Persona,Persona 5,Beneath the Mask,,https://downloads.khinsider.com/game-soundtracks/album/persona-5-royal-the-complete-soundtrack/1-29.%2520Beneath%2520the%2520Mask.mp3,,https://lambda.vgmtreasurechest.com/soundtracks/persona-5-royal-the-complete-soundtrack/meknlooc/1-29.%20Beneath%20the%20Mask.mp3,7,3,1,0,,,,,1,,,1,,,,1,,,1,0,,,,,,
Persona,Persona 5,Rivers in the Desert,,https://downloads.khinsider.com/game-soundtracks/album/persona-5-royal-the-complete-soundtrack/3-22.%2520Rivers%2520in%2520the%2520Desert.mp3,,https://lambda.vgmtreasurechest.com/soundtracks/persona-5-royal-the-complete-soundtrack/xagixnvo/3-22.%20Rivers%20in%20the%20Desert.mp3,3,3,,0,,,,,1,,,,,,,1,,,,,,,,,,
Persona,Persona 5 Royal,Another Ideology,,https://downloads.khinsider.com/game-soundtracks/album/persona-5-royal-the-complete-soundtrack/5-04.%2520Another%2520Ideology.mp3,,https://lambda.vgmtreasurechest.com/soundtracks/persona-5-royal-the-complete-soundtrack/vltikbcf/5-04.%20Another%20Ideology.mp3,3,3,,0,,,,,1,,,,,,,1,,,,,,,,,,
Persona,Persona 5 Strikers,Daredevil,,,,,3,3,,0,,,,,1,,,,,,,1,,,,,,,,,,
Persona,Persona 5 Strikers,Last Surprise -Scramble-,,,,,3,3,,0,,,,,1,,,,,,,1,,,,,,,,,,
Persona,Persona 5 Strikers,Rivers in the Desert -Scramble-,,,,,3,3,,0,,,,,1,,,,,,,1,,,,,,,,,,
Plants vs Zombies,Plants vs Zombies,Night Stage,,,,https://audio.jukehost.co.uk/lgTzIqySH6dto46P6kSTvGNEeRREvu59,7,3,1,1,,,,,1,1,,,0,,,,,,,1,,,,,0,
Pokemon,Gen 2 Remaster,Intro,,,,https://audio.jukehost.co.uk/Du0AyyL3EGhOnL9jKF8nJdq8S3VhZbgn,6,3,1,0,,,,0,1,1,,,1,,,,,,,,,,,,,
Pokemon,Gen 2 Remaster,Title Theme,,,,https://audio.jukehost.co.uk/FQ568qYG5qZJC7LkQUGwifYNSEgOWplT,6,3,1,0,,,,0,1,1,,,1,,,,,,,,,,,,,
Pokemon,Gen 4,Cynthia theme,,,,https://audio.jukehost.co.uk/MsvZLpZjBkHGkGrkC9kDL74zHdLYirrg,7,3,1,0,,,,0,1,1,1,,1,,,,,,,,,,,,,
Pokemon,Gen 4,Lake,,,,https://audio.jukehost.co.uk/ZGnUR96jDdlPWVO55wYRtQ0rR9qRia3G,6,3,1,0,,,,,1,1,,1,0,,,,,,,,,,,,,
Pokemon,Gen 4,Route 209,,,,https://audio.jukehost.co.uk/pd272B3IINvcxRRdH65AbcZgdzB8nPir,6,3,1,0,,,,,1,1,,1,0,,,,,,,,,,,,,
Pokemon,Gen 5,Elite four battle theme,,,,https://audio.jukehost.co.uk/FHfQalrgk53ST6U1Sk4MrHwYySotT9Ne,6,3,1,0,,,,0,1,1,,,1,,,,,,,,,,,,,
Pokemon,Gen 5,Route 10,,,,,4,3,1,1,,,,,1,0,,,,,,,,,,,,,,,,
Pokemon,Gen 5,Title Screen,,,,https://audio.jukehost.co.uk/VKo3a3gQDP7RFJ2zxS5qu9Gnjpa3TXFx,6,3,1,0,,,,0,1,1,,,1,,,,,,,,,,,,,
Sea of Thieves,Sea of Thieves,1812,,,,https://audio.jukehost.co.uk/5in4l8ucocsbFDAkmftCMbnxAIqge75d,6,3,1,1,,,,0,1,1,,,0,,,,,,,,,,,,,
Sea of Thieves,Sea of Thieves,Ballad of the Mer,,,,https://audio.jukehost.co.uk/xiR8pajJNp7schlYOwNugTxaLIr8yegI,6,3,1,1,,,,0,1,1,,,0,,,,,,,,,,,,,
Sea of Thieves,Sea of Thieves,Bosun Bill,,,,https://audio.jukehost.co.uk/QSWTHHhIWT7WQ5ESew9bYdJ5EPfcwMJr,8,3,1,1,1,,,0,1,1,,0,1,,,,,,,,,,,,,
Sea of Thieves,Sea of Thieves,Galop Infernal,,,,https://audio.jukehost.co.uk/xjeavdbubB2x6u29ocuJTpb1duHQSxFv,6,3,1,1,,,,0,1,1,,,0,,,,,,,,,,,,,
Sea of Thieves,Sea of Thieves,Maiden Voyage,,,,https://audio.jukehost.co.uk/f88p1DvEEFZ8al7KS6qp2DXCIkMh4Dw2,6,3,1,1,,,,0,1,1,,,0,,,,,,,,,,,,,
Sea of Thieves,Sea of Thieves,Stitcher's Sorrow,,,,https://audio.jukehost.co.uk/HIIw4SiMtwCErlYo8nqvdYerRPq4Ia8d,7,3,1,1,,,,0,1,1,,,0,,,,,,,1,,,,,,
Sea of Thieves,Sea of Thieves,The Summoning,,,,https://audio.jukehost.co.uk/zuwYGRthl1dttXhbaeOpejUsu1AyhaYW,6,3,1,1,,,,0,1,1,,,0,,,,,,,,,,,,,
Stardew Valley,Stardew Valley,Overture,,,,https://audio.jukehost.co.uk/56UDqhhi4YDBdVYN0t9tPYPtidWILUIO,10,3,1,1,1,,,1,0,1,1,0,0,,,,,,,,,,,,1,
Super Mario,New Super Mario Bros.,Athletic,,,,,9,3,1,1,,,,1,1,1,,0,0,,,,,,,1,,,,,0,
Super Mario,Super Mario 64,Dire Dire Docks,,,,https://audio.jukehost.co.uk/nqFUwVjZc4Bbfvggd5nl2bHBzFWh53mb,8,3,1,1,1,,,1,1,,,0,1,,,,,,,0,,,,,,
Super Mario,Super Mario Galaxy,Attack of the Airships,,,,https://audio.jukehost.co.uk/viBydezrZMTZajhXGEClzWLmZ3DMM8Ca,6,3,1,1,,,,,1,,,0,,,,,,,0,1,,,,,,
Super Smash Bros,Brawl,Porky,Mother,,,,4,3,1,1,,,,,1,0,,,,,,,,,,,,,,,,
Supercell,Brawl Stars,Menu menu,,,,,3,3,1,0,,,,,1,,,,,,,,,,,,,,,,,
Supercell,Clash Royale,Loading,,,,,7,3,1,0,,,,1,1,1,,,,1,,,,,,,,,,0,,
Supercell,Clash Royale,Menu theme,,,,https://audio.jukehost.co.uk/TmZWslqvz9XzjctMBx20D8rVUHbEdVvF,6,3,1,0,,,,,1,1,,,1,,,,,,,0,,,,,,
Tekken,Tekken 8,Be stylish,,,,https://audio.jukehost.co.uk/Zuocg4EltUvX9Ur1mg3jIYVKUsviHJQQ,4,3,1,0,,,,,1,,,1,,,,,,,,,,,,,,
Tekken,Tekken 8,Decisive Blow (climax),,,,https://audio.jukehost.co.uk/rRJg18lqhCC49e6EuWjlsZf6oktll7vj,4,3,1,0,,,,,1,,,1,,,,,,,,,,,,,,
Tekken,Tekken 8,Rude and Reckless,,,,https://audio.jukehost.co.uk/8ArThbFcK03exZXDaWdXvFa84NGBPGK8,4,3,1,0,,,,,1,,,1,,,,,,,,,,,,,,
The Elder Scrolls,Skyrim,Main Theme,Dragonborn,,,https://audio.jukehost.co.uk/bQZ3yJQ8hhAT7CnHWbW3NQIAs9qw1yQ3,11,3,1,1,1,,1,0,1,1,1,1,0,,,,,,,,,,,,0,
The Sims,The Sims Medieval,Mirthful Steps,,,,,3,3,,0,,,,,1,,,,,,,1,,,,,,,,,,
Touhou,Lotus Land Story,Bad Apple,,,,https://audio.jukehost.co.uk/2AUE8O5PwvNnGe4oGchBF7VhPB9F2DRm,10,3,1,1,1,,,1,1,1,,0,1,,,0,,,,,,,,,0,
Undertale,Undertale,Asgore,,,,https://audio.jukehost.co.uk/0mWavtkJotBftStWvu2r3j6Y3PyuyQsh,7,3,1,1,,,,,1,1,,0,0,,1,,,,,,,,,,,
Undertale,Undertale,Battle against a true hero,,,,https://audio.jukehost.co.uk/exTVA5dAsqC8AIb3WFM0FOa1zV4eoJmv,10,3,1,1,1,,,0,1,1,1,0,0,,1,,,,,,,,,,,
Wii Party,Wii Party,Main Menu,,,,,7,3,1,1,,,,,1,0,,,1,,,,,,,,,,,,0,1
Zelda,Breath of the wild,Kass's Final Song,,,,https://audio.jukehost.co.uk/eniCOP07iSvqXJrbhkEXWkVlmJoFZtXm,10,3,0,1,1,,,1,1,1,1,0,0,,1,,,,,,,,,,,
Zelda,Breath of the wild,Sidon's theme,,,,https://audio.jukehost.co.uk/Mwgdz3wgvmGD0TVRUouCxpqRIlDQ1Rqy,6,3,0,1,1,,,,1,,,,1,,,,,,0,,,,,,,
Zelda,Majora's Mask,Astral observatory,,,,https://audio.jukehost.co.uk/LRiqBM5MtUYVSCIZC37Tf2V4LB3zPEva,4,3,0,1,1,,,,1,,,,,,,,,,,,,,,,,
Zelda,Ocarina of Time,Gerudo Valley (orchestral),,,,https://audio.jukehost.co.uk/wF2JQ36Ha3cYCcNcBveeyQqwGBApzCia,8,3,0,1,1,,,,1,1,,,0,,1,,,,,,,,,,1,
Zelda,Tears of the kingdom,Sidon's theme,,,,https://audio.jukehost.co.uk/mGxzUIYk70XyMDjp6BNamXVmppE8fbsB,6,3,0,1,1,,,,1,,,,1,,,,,,0,,,,,,,
Age of War,Age of War,Theme Song,Glorious Morning,,,https://audio.jukehost.co.uk/LKaUR5GGVuUE8bhxzl0tVHT32r0hEqbQ,16,4,1,0,1,1,1,0,1,1,1,1,0,0,,0,0,,1,,,,,,0,
Animal Crossing,Animal Crossing : New Horizons,Annonce de Tom Nook,AC/ACNH,,,,11,4,1,1,0,,,0,1,1,,0,1,0,,1,1,,,,,,,,,
Banjo-Kazooie,Banjo-Kazooie,Main theme,,,,https://audio.jukehost.co.uk/UEvt1COEJB4DDsyrK6lf1yirV52FL9T8,7,4,1,0,1,,,,1,0,,,0,,,1,,,,,,,,,,
Celeste,Celeste,Confronting Myself,,,,https://audio.jukehost.co.uk/JMv5zwqgGzjYY9NA8VFsCciW0Adk1Drp,8,4,0,1,1,,,,1,,,,0,,,,,,0,1,,,1,,,
Crypt of the NecroDancer,Crypt of the NecroDancer,Rhythmortis,,,,,5,4,1,0,,,,,1,,,,0,,,,,,1,,,,,,,
Cuphead,Cuphead,Railroad Wrath,,,,https://audio.jukehost.co.uk/4AdoReXXBR6QFFFsuBsExMzCqxIRJNrI,9,4,1,1,,,,,1,1,,,0,0,,0,1,,,,,,,0,,
Dark Souls,Dark Souls 3,Slave Knight Gael,,https://downloads.khinsider.com/game-soundtracks/album/dark-souls-iii-soundtracks/2-19%2520Slave%2520Knight%2520Gael.mp3,,https://vgmtreasurechest.com/soundtracks/dark-souls-iii-soundtracks/pffjgcsi/2-19%20Slave%20Knight%20Gael.mp3,7,4,1,0,,,,,1,0,,,1,,,,1,,0,,,,,,,
Donkey Kong,Donkey Kong Country Returns,Title theme,,,,https://audio.jukehost.co.uk/QsREnyTqP9zSlCAmD1BFdX4ljTTcOX2Q,9,4,1,1,,,,,1,0,,,1,,,,0,,0,,,,1,,0,
Doom,Doom Eternal,The Only Thing They Fear Is You,,,,,7,4,1,1,,,,,1,1,,,0,,,,,,0,,,,,,0,
Elden Ring,Elden Ring,Final Battle Theme,,,,https://audio.jukehost.co.uk/dIBQqye1wuDs7zMFySC9hJtclXkfMpGC,11,4,1,0,0,0,,,1,1,,1,1,0,,,1,,,,,,,,1,
F-Zero,F-Zero,Mute City,,,,,10,4,0,0,,,,1,1,1,,0,0,1,,,1,,,,,,1,,,
Final Fantasy,Final Fantasy VII Remake,The prelude,,,,https://audio.jukehost.co.uk/ZseAMn5Fnb5LdqjyVMTwi0cTdkUYGJTM,5,4,1,0,,,,,1,,,,1,,,,,,0,,,,,,,
Friday Night Funkin,Friday Night Funkin,Bopeebo,,,,,5,4,1,0,,,,,0,1,,,,,,,,,,,,,1,,,
Hades,Hades,No escape,,,,https://audio.jukehost.co.uk/A9VWMhXeVG3h56RfzVIB3dARdI6bwkAO,8,4,1,1,,,,0,1,1,,0,1,0,,,,,,,,,,,,
Hades,Hades,Out of tartarus,,,,https://audio.jukehost.co.uk/pNJcTg95KWC6D03Nybj0AZ2u2ftF811Y,8,4,1,1,,,,0,1,1,,0,1,0,,,,,,,,,,,,
Hades,Hades,The painful way,,,,https://audio.jukehost.co.uk/aYj1xx7KBgN6goHOtFcB2FG1GCDDRO5T,9,4,1,1,,,,0,1,1,,0,1,0,,,,,,,,,,,0,
Half Life,HL2,Hazardous Environments,,,,,11,4,1,0,1,,,1,1,1,,0,0,1,,,,,,,,,1,,0,
Hollow Knight,Hollow Knight,City of tears,,,,,5,4,0,1,,,,,1,,,,1,,,,,,0,,,,,,,
Hollow Knight,Hollow Knight,Soul Sanctum,,,,,5,4,1,0,,,,,1,,,,1,,,,,,0,,,,,,,
Jetpack Joyride,Jetpack Joyride,Main theme,,https://downloads.khinsider.com/game-soundtracks/album/jetpack-joyride-original-game-soundtrack-2021-android-ios/01.%2520Jetpack%2520Joyride%2520Main%2520Theme.mp3,,https://lambda.vgmtreasurechest.com/soundtracks/jetpack-joyride-original-game-soundtrack-2021-android-ios/wpiuczqf/01.%20Jetpack%20Joyride%20Main%20Theme.mp3,14,4,1,0,1,,,1,1,1,1,1,0,1,,,,,0,,,,1,0,0,
Kingdom Hearts,KH 0.2 Birth by Sleep - A fragmentary Passage,Simple and clean Ray of hope,,,,https://audio.jukehost.co.uk/dT2sFUdaqO0t6gZBXzpn5vPU1v1SWIn7,5,4,0,0,,,,,1,,,,1,,,,1,,,,,,,,,
Kingdom Hearts,KH II,Sanctuary,,,,https://audio.jukehost.co.uk/Uz3BB4fZ8FoGMh64gyAuYAxSLCsQarYf,5,4,0,0,,,,,1,,,,1,,,,1,,,,,,,,,
Kirby,Kirby Super Star,King Dedede's Theme,,,,,11,4,1,0,,,,1,1,1,,0,0,1,1,,,,,,,,,1,0,
League of Legends,League of Legends,GET JINXED,,,,,11,4,1,0,0,1,,0,1,1,1,1,0,1,,,,,,,,,,,,
LEGO,LEGO star wars,Cantina,,,,https://audio.jukehost.co.uk/FLIPhKAAiOaSKn2xhrP9IW5LyPtNQArR,8,4,1,0,,,,1,1,1,,,,1,,,,,0,,,,,,0,
Mario et Luigi,Bowser's Inside Story,The Grand Finale,,,,https://audio.jukehost.co.uk/I9lZW3VSyzMSNSon0qqH57pMEm4m2s9K,10,4,1,0,1,,,,1,1,,0,0,1,,,,,,,,,,,0,1
Mario Kart,Mario Kart 8 Deluxe,Circuit Mario,,,,https://audio.jukehost.co.uk/PUP5r3g55LJbCav2FeBsdaPOT64IMSKY,7,4,1,0,,,,0,1,0,,,1,1,,,,,,,,,,,,
Mario Kart,Mario Kart DS,Delfino Square,,,,https://audio.jukehost.co.uk/MBg3DO40ZHJZ5wnMsUt0LsW2PDG6G8v6,8,4,1,0,0,,,1,1,,,,0,1,,,,,,,,,,,,1
Mario Kart,Mario Kart DS,Waluigi Pinball et Wario Stadium,,,,https://audio.jukehost.co.uk/XKtelkJu13b5nKGh6aunb9tDSqFjDEnF,8,4,1,0,1,,,1,1,0,,,0,1,,,,,,,,,,,,
Mario Kart,Mario Kart Wii,Bois Vermeil,,,,,7,4,1,0,1,,,0,1,,,,0,1,,,,,,,,,,,,
Mario Kart,Mario Kart Wii,Circuit Luigi,,,,,7,4,1,0,0,,,0,1,,,,1,1,,,,,,,,,,,,
Mario Kart,Mario Kart Wii,Gorge Champignon,,,,,7,4,1,0,1,,,0,1,,,,0,1,,,,,,,,,,,,
Mario Kart,Mario Kart Wii,Mine Wario,,,,,7,4,1,0,1,,,0,1,,,,0,1,,,,,,,,,,,,
Mario Kart,Mario Kart Wii,Prairie Meuh Meuh,,,,,7,4,1,0,1,,,0,1,,,,0,1,,,,,,,,,,,,
Mario Kart,Mario Kart Wii,Title Screen,,,,,7,4,1,0,0,,,0,1,,,,1,1,,,,,,,,,,,,
Metal Gear,Solid,Encounter,,,,https://audio.jukehost.co.uk/GvaSPY020XsIaJjcKdnCcj15IKHnoPTH,10,4,1,0,,,,1,1,1,,0,0,1,,,,,,,,,1,,0,
Minecraft,Minecraft,13,,,,https://vgmtreasurechest.com/soundtracks/minecraft-gamerip-2011/audugduwgc/1-11.%2013.mp3,7,4,1,0,1,,,1,0,1,,,0,,,,,,,,,,,,,
Minecraft,Minecraft,Key,,,,https://vgmtreasurechest.com/soundtracks/minecraft-gamerip-2011/dosaqaaqzp/1-01.%20Key.mp3,5,4,1,0,1,,,,0,1,,,,,,,,,,,,,,,,
Minecraft,Minecraft,otherside,,,,,9,4,1,0,1,0,,1,1,1,,,0,,,,,,,,,,,,0,
Outer Wilds,Outer Wilds,14.3 Billion years,,,,https://audio.jukehost.co.uk/utjYuVC0yLVpaGT4eHXkugcucU6oNUrA,9,4,0,0,1,,,1,1,1,,1,0,,,,,,,,,,,,0,
Outer Wilds,Outer Wilds,End times,,,,https://lambda.vgmtreasurechest.com/soundtracks/outer-wilds-original-soundtrack/ixnvojdq/10.%20End%20Times.mp3,10,4,0,0,0,1,,1,1,1,1,1,0,,,,,,,,,,,,,
Persona,Persona 3 Reload,Don't,,,,https://audio.jukehost.co.uk/RBHRrIy90owxx1KapBTKKlH4P1rJQ5Vd,5,4,1,0,,,,,1,,,,,,,1,,,0,,,,,,,
Persona,Persona 4,HeartBeat Heartbreak,,,,https://audio.jukehost.co.uk/E83POmbHEHauyIxk0OvNME6xXfO4qAzf,5,4,1,0,,,,,1,,,,,,,1,,,0,,,,,,,
Persona,Persona 4 : Dancing all night,Dance!,Opening theme,https://downloads.khinsider.com/game-soundtracks/album/persona-4-dancing-all-night-the-complete-soundtrack/01.%2520Dance%2521.mp3,,https://jetta.vgmtreasurechest.com/soundtracks/persona-4-dancing-all-night-the-complete-soundtrack/nknkkuse/01.%20Dance%21.mp3,5,4,1,0,,,,,1,,,,,,,1,,,0,,,,,,,
Persona,Persona 5,Aria Of The Soul,,https://downloads.khinsider.com/game-soundtracks/album/persona-5-royal-the-complete-soundtrack/1-08.%2520Aria%2520of%2520the%2520Soul.mp3,,https://lambda.vgmtreasurechest.com/soundtracks/persona-5-royal-the-complete-soundtrack/aaacksim/1-08.%20Aria%20of%20the%20Soul.mp3,9,4,1,0,1,,,0,1,0,,1,0,,,1,,,,,,,,,,
Persona,Persona 5 : Dancing in Starlight,Opening theme,,https://downloads.khinsider.com/game-soundtracks/album/persona-5-dancing-in-starlight-the-complete-soundtrack/01.%2520Groovy%2520%2528OP%2520ver.%2529.mp3,,https://audio.jukehost.co.uk/0W7x46iJvfr1Jcea8p8XeoE1gmuH1lhi,5,4,1,0,,,,,1,,,,,,,1,,,0,,,,,,,
Persona,Persona 5 Strikers,You are stronger,Opening theme,,,,5,4,1,0,,,,,1,,,,,,,1,,,0,,,,,,,
Pokemon,Gen 1,Rocket Hideout,,,,https://audio.jukehost.co.uk/bZT1fNnUgY2UkUPOtuaualqaqIsUM6z5,7,4,1,1,,,,0,1,0,,1,0,,,,,,,,,,,,,
Pokemon,Legends Arceus,Volo,,,,https://audio.jukehost.co.uk/rfByAbzwNVGa1LYg0NEiN4cwpthaRaLj,5,4,0,0,,,,,1,1,,,1,,,,,,,,,,,,,
Portal,Portal,Still alive,,,,https://audio.jukehost.co.uk/upWKz8NL7VWKieX8imsbxr37OZDHbSAY,8,4,0,1,1,,,1,1,1,,0,0,,,,,,,,,,,,,
Rayman,Legends,Mariachi Madness,,,,https://audio.jukehost.co.uk/X9JfAqfz3s4AqtleElsuk4G7ili8QIuI,7,4,1,1,,,,,1,0,,,0,,,,,,0,,,,1,,,
Sea of Thieves,Sea of Thieves,Adventure Awaits,,,,https://audio.jukehost.co.uk/sLu7kQMxI19ov56FyHwrbTXQ5Bjnf83t,7,4,1,1,,,,0,1,1,,,0,,,0,,,,,,,,,,
Sea of Thieves,Sea of Thieves,Ride of the Valkyries,,,,https://audio.jukehost.co.uk/6qIYSRVZD8fUoMn1lDWtWWPiiiVUlvu4,7,4,1,1,,,,0,1,1,,,0,,,,,,,,,,,,0,
Sonic,Sonic 2,Chemical Plant Zone,,,,https://vgmtreasurechest.com/soundtracks/sonic-the-hedgehog-2-anniversary-edition-genesis-shc2020-gamerip/gxpyagjwmb/19.%20Chemical%20Plant%20Zone%20-%20Act%201.mp3,8,4,1,0,0,,,1,1,1,,0,1,,,,,,,,,,,,,
Sonic,Sonic 3,Angel Island Zone,,,,,8,4,0,0,1,,,1,1,1,,0,1,,,,,,,,,,,,,
Super Mario,New Super Mario Bros,Luigi's casino theme,,,,https://audio.jukehost.co.uk/ItV7V6Oi8e6mKVhSK5nWU11SG2Qz4Fvz,5,4,1,0,,,,,1,,,,,,,,,,1,,,0,,,,
Super Mario,New Super Mario Bros. 2,Main Menu,,,,,10,4,1,1,,,,1,1,1,,0,1,,,,,,,0,,,,0,0,
Super Mario,Super Mario 3D Land,Overworld,,,,,7,4,0,1,,,,1,1,0,,0,1,,,,,,,,,,,,,
Super Mario,Super Mario Galaxy,Blue Sky Athletics,,,,https://audio.jukehost.co.uk/a4AfzSZmzBmIzVaA3jWezY3jZ1s9bnhm,5,4,1,1,,,,,1,,,0,,,,,,,0,,,,,,,
Super Mario,Super Mario Galaxy,Comet Observatory,,,,https://audio.jukehost.co.uk/iBgJyzDYegsnMkTwyu4rwUJanOEKCfGX,5,4,1,1,,,,,1,,,0,,,,,,,0,,,,,,,
Super Mario,Super Mario Galaxy,File Select,,,,https://audio.jukehost.co.uk/gvHUbhV9aSVdJgt7LZU2gjaRHCAuTgDK,5,4,1,1,,,,0,1,,,0,,,,,,,,,,,,,,
Super Mario,Super Mario Galaxy,Luma,Story of the Starbits,,,,5,4,1,1,,,,,1,,,0,,,,,,,0,,,,,,,
Super Mario,Super Mario Galaxy,Star Festival,,,,,5,4,1,1,,,,,1,,,0,,,,,,,0,,,,,,,
Super Mario,Super Mario Galaxy,Toad Brigade,,,,https://audio.jukehost.co.uk/n1EaJNeqqJ42ZnP4agBdStsXLK44cjP3,5,4,1,1,,,,,1,,,0,,,,,,,0,,,,,,,
Super Mario,Super Mario Galaxy 2,Lubba,,,,,5,4,1,1,,,,,0,,,0,,,,,,,1,,,,,,,
Super Smash Bros,Melee,Menu,,,,https://audio.jukehost.co.uk/6Y2wty2jyF1JhBZdCzpcOc6LRBWEZ34h,10,4,1,1,,,,0,1,1,,0,0,,1,1,,,,,,,,0,,
Tekken,Tekken 8,Decisive Blow (classic),,,,https://audio.jukehost.co.uk/aQBidyIL0v3Djl1KQoaJvhoPnh4IYwwk,5,4,1,0,,,,,1,,,1,,,,0,,,,,,,,,,
Terraria,Terraria,Eerie,,,,,9,4,1,1,0,,,1,0,1,1,0,0,,,,,,,,,,,,,
Terraria,Terraria,Mushrooms,,,,,7,4,0,1,,,,1,1,1,,0,0,,,,,,,,,,,,,
Terraria,Terraria,Overworld Night,,,,,8,4,1,1,,,,1,1,1,,0,0,,,,,,,,,,,,,0
Terraria,Terraria,The Hallow,,,,,7,4,0,1,,,,1,1,1,,0,0,,,,,,,,,,,,,
Tetris,Tetris 99,Main Theme,,,,,13,4,1,1,,,,1,1,1,1,,1,,1,0,,,0,,,0,,0,0,
The Binding of Isaac,Isaac,Binding of Isaac,,,,,5,4,1,0,,,,,1,1,,,,,,,,,0,,,,,,,
The Sims,Sims 3,Main theme,,,,https://audio.jukehost.co.uk/ISeQIkfq6VYkoiIwiV6bx9xFVfNaNfN3,7,4,1,0,,,,0,1,1,,1,0,,,,,,,,,,,,,
The Sims,Sims 4,Main theme,,,,https://audio.jukehost.co.uk/mfohKxRnA8lF1eOW3rjJfyfIYDDBcXSI,8,4,1,1,,,,0,1,1,,1,0,,,,,,,,,,,,0,
The Witcher,The Witcher 3,Steel for humans,,,,https://audio.jukehost.co.uk/C1zGqW50h8255jO2hNp4pAQqYeBUzGGV,5,4,0,0,,,,,1,,,,1,,,,,,1,,,,,,,
Undertale,Undertale,CORE,,,,https://audio.jukehost.co.uk/JCpn87wKC2YVY5r3XOSdi3nbTBR8KLt5,7,4,0,1,,,,,1,1,,0,0,,1,,,,,,,,,,,
Undertale,Undertale,Finale,,,,https://audio.jukehost.co.uk/ZdvbUtscPqunww9XoFWaw1Uk5Uxzt5z5,7,4,0,1,,,,,1,1,,0,0,,1,,,,,,,,,,,
Undertale,Undertale,Heartache,,,,,10,4,0,1,1,,,0,1,1,1,0,0,,1,,,,,,,,,,,
Undertale,Undertale,Waterfall,,,,,7,4,0,1,,,,,1,1,,0,0,,1,,,,,,,,,,,
Yoshi's Island,Yoshi's Island,Flower Garden,,,,https://audio.jukehost.co.uk/rzU808BePSQ2mtoP0etkJBrADF75bKX6,9,4,1,1,,,,1,1,0,,0,0,,,,,,,1,,,,,0,
Zelda,Link's Awakening,Tal Tal Heights,,,,https://audio.jukehost.co.uk/qkfwDepgj0RYkX2kvE8aK8ywuZwDO3pw,10,4,0,1,1,,,0,1,1,1,0,0,,1,,,,,,,,,,,
Zelda,Ocarina of time,Forest Temple,,,,https://lambda.vgmtreasurechest.com/soundtracks/legend-of-zelda-the-ocarina-of-time-original-sound-track-1998/gtbynwsx/59%20Forest%20Temple.mp3,9,4,0,0,1,,,0,1,1,,0,1,,1,,,,,,,,,,,
Animal Crossing,Animal Crossing : New Leaf,1 P.M.,AC/ACNL,,,https://audio.jukehost.co.uk/6ftZO52GQHpManbHVdVfvqLOAN9BTN7z,11,5,1,1,0,,,0,1,1,,0,0,0,,1,0,,,,,,,,,
Animal Crossing,Animal Crossing : New Leaf,Able Sisters,AC/ACNL,,,https://audio.jukehost.co.uk/xxhj1FzIw7dDnKLvBnOO44CdDTxjO3lv,11,5,1,1,0,,,0,1,1,,0,0,0,,1,0,,,,,,,,,
Animal Crossing,Animal Crossing : Wild World,Nook's Cranny,AC/ACWW,,,https://audio.jukehost.co.uk/4c64cim6wYWylpl9rYgqzypSY927QAgQ,11,5,1,0,1,,,0,1,1,,0,0,0,,1,0,,,,,,,,,
Animal Crossing,Musique de KK,Bubblegum K.K,,,,https://audio.jukehost.co.uk/6ItJY2wqPk2veEZR1AwaijS6ZSwRxtiQ,11,5,1,1,1,,,0,0,1,,0,0,1,,0,0,,,,,,,,,
Animal Crossing,Musique de KK,K.K. Jongara ,,,,https://audio.jukehost.co.uk/wJtRk3VnfauRoReuFv57P9vH9750Olu5,11,5,1,1,0,,,0,1,0,,0,0,1,,0,1,,,,,,,,,
ARK,ARK Survival Evolved,Main Title,,,,,4,5,1,0,,,,,1,,,,,,,0,,,,,,,,,,
Assassin's Creed,Assassin's Creed II,Ezio's Family,,,,https://audio.jukehost.co.uk/hIaAQGdrSFHQDGg56iYXbsU0HC9EdhXN,11,5,0,0,0,,,1,1,1,1,,0,0,,0,1,,,,,,,,,
Astalon,Astalon: Tears of the Earth,Arteries,,https://downloads.khinsider.com/game-soundtracks/album/astalon-tears-of-the-earth-2021/1-16.%2520Arteries.mp3,,,2,5,,,,,,,0,,,1,,,,,,,,,,,,,,
Astalon,Astalon: Tears of the Earth,Hollow (Hate),,https://downloads.khinsider.com/game-soundtracks/album/astalon-tears-of-the-earth-2021/1-07.%2520Hollow%2520%2528Hate%2529.mp3,,,2,5,,,,,,,0,,,1,,,,,,,,,,,,,,
Astalon,Astalon: Tears of the Earth,Poisoned World,,https://downloads.khinsider.com/game-soundtracks/album/astalon-tears-of-the-earth-2021/1-01.%2520Poisoned%2520World.mp3,,,2,5,,,,,,,0,,,1,,,,,,,,,,,,,,
Astalon,Astalon: Tears of the Earth,The Apex,,https://downloads.khinsider.com/game-soundtracks/album/astalon-tears-of-the-earth-2021/1-28.%2520The%2520Apex.mp3,,,2,5,,,,,,,0,,,1,,,,,,,,,,,,,,
Astalon,Astalon: Tears of the Earth,The Cursed Tower,,https://downloads.khinsider.com/game-soundtracks/album/astalon-tears-of-the-earth-2021/1-05.%2520This%2520Cursed%2520Tower.mp3,,,2,5,,,,,,,0,,,1,,,,,,,,,,,,,,
Baldur's gate,Baldur's gate 3,Main Theme Part I,,,,,4,5,,0,0,,,,1,,,,,,,1,,,,,,,,,,
Baldur's gate,Baldur's gate 3,Main Theme Part II,,,,,4,5,,0,0,,,,1,,,,,,,1,,,,,,,,,,
Baldur's gate,Baldur's gate 3,Main Theme Part III,,,,,4,5,,0,0,,,,1,,,,,,,1,,,,,,,,,,
Bopl Battle,Bobl Battle,The bopl,,,,https://audio.jukehost.co.uk/mNrQw6NDFmzeIVkE4QahC8lPmk1EpjYi,8,5,0,0,,,,,1,,,,1,1,,0,0,,,,,,,,1,
Brawlhalla,Brawlhalla,Brawlhaven,,,,,4,5,1,0,,,,,1,,,,,,,0,,,,,,,,,,
Castlevania,Dawn of Sorrow,Bloody Tears,,,,https://audio.jukehost.co.uk/uVhqNJpX7H67TcitbrrYxxtmiqxEkL1t,6,5,1,0,0,,,,1,,,,,,,,1,,0,,,,,,,
Castlevania,Order of Ecclesia,Sorrow's Distorsion,,,,https://audio.jukehost.co.uk/cPEHlrsRdEk6jeKLSTpnPITm6H2eeolp,6,5,1,0,0,,,,1,,,,0,,,,1,,,,,,,,,
Celeste,Celeste,Mirror Temple - Mirror Magic Mix,,,,https://ia803204.us.archive.org/3/items/MirrorTempleMirrorMagicMix/Mirror%20Temple%20%28Mirror%20Magic%20Mix%29.mp3,11,5,0,0,0,,,1,1,1,1,,0,0,,,1,,,,,,1,,,
Civilization,Civilization IV,Baba Yetu,Main Theme,,,,12,5,0,1,1,,1,0,1,1,1,,0,0,,,0,,,,,,,,0,
Deep Rock Galactic,Deep Rock Galactic,Attack of the Glyphids,,,,https://nu.vgmtreasurechest.com/soundtracks/deep-rock-galactic-original-soundtrack-volume-i/cqtxfibh/02%20-%20Attack%20of%20the%20Glyphids.mp3,2,5,,,1,,,,0,,,,,,,,,,,,,,,,,
Deltarune,Deltarune,Attack of the killer queen,,,,https://audio.jukehost.co.uk/uwQ4P4nkS16qaq19FYy5CqYPfue3vIvH,12,5,1,1,0,0,,0,1,1,1,0,0,1,,,0,,,,,,,,,
Deltarune,Deltarune,BIG SHOT,,,,https://audio.jukehost.co.uk/7xfeuaqLsYWxceBwgqRIHdc9EJdOtn52,12,5,0,1,0,,,0,1,1,1,0,0,1,,,0,,,1,,,,,,
Deltarune,Deltarune,Chaos King,,,,https://audio.jukehost.co.uk/kgNzsYrzSG9aRtW4qV9NpCnKNOlzwEz9,6,5,0,1,,,,,1,,,,0,,,,,,0,1,,,,,,
Deltarune,Deltarune,Field of hopes and Dreams,,,,https://audio.jukehost.co.uk/f6tR1kqbinpgc4qACyJIsmNIfqsP3SC9,11,5,0,1,0,,,0,1,1,1,0,0,1,,,0,,,,,,,,,
Deltarune,Deltarune,The world revolving,,,,https://audio.jukehost.co.uk/Jiiwa9Ioql5VlkfwmnRlFlM3tTYe7yIx,6,5,0,1,,,,,1,,,,0,1,,,0,,,,,,,,,
Donkey Kong,Donkey Konga,Song select,,,,https://audio.jukehost.co.uk/cPmVFOeGRUmSWPkxE8pGMTMu0H2O20UO,8,5,1,1,,,,,1,0,,,0,,,,,,1,0,,,,,0,
Dragon Age,Dragon Age Inquisition,The dawn will come,,https://downloads.khinsider.com/game-soundtracks/album/dragon-age-inquisition-ost/11.%2520The%2520Dawn%2520Will%2520Come.mp3,,,2,5,,,,,,,0,,,1,,,,,,,,,,,,,,
DuckTales,DuckTales,The Moon,Moon,,,https://audio.jukehost.co.uk/QhL5M2rsM6vze8G7fs2MwhXMJEv72St8,11,5,1,1,1,,,0,1,0,,0,0,1,,0,0,,,,,,,,,
Elden Ring,Elden Ring,Main Theme,,,,https://audio.jukehost.co.uk/5Me5HgDy8GHUc4lxFdfFz5rEb9VYYpCy,11,5,1,0,0,0,,1,1,0,,1,1,0,,,1,,,,,,,,,
Friday Night Funkin,Friday Night Funkin,Dad Battle,,,,,4,5,1,0,,,,,0,1,,,,,,,,,,,,,,,,
Friday Night Funkin,Friday Night Funkin,Fresh,,,,,4,5,1,0,,,,,0,1,,,,,,,,,,,,,,,,
Halo,Halo,Theme,,,,https://audio.jukehost.co.uk/hfkknjVJTy87cs5dwoJdpCHB9a3c2A1q,10,5,1,0,,,,1,1,0,,0,0,1,,1,,,,,,,,,0,
Harry Potter,Harry Potter and the Philosopher's Stone,Battle,Harry Potter 1 GBC,,,https://www.youtube.com/watch?v=CFKgmZC0o_E&list=PLFF188C45BD627028&index=5,2,5,,,,,,,0,,,1,,,,,,,,,,,,,,
Harry Potter,Harry Potter and the Philosopher's Stone,Boss Battle,Harry Potter 1 GBC,,,https://www.youtube.com/watch?v=_V9MlehRXag&list=PLFF188C45BD627028&index=6,2,5,,,,,,,0,,,1,,,,,,,,,,,,,,
Harry Potter,Harry Potter and the Philosopher's Stone,Forbidden Corridor,Harry Potter 1 GBC,,,https://www.youtube.com/watch?v=1nlxzxnE2CE&list=PLFF188C45BD627028&index=4,2,5,,,,,,,0,,,1,,,,,,,,,,,,,,
Harry Potter,Harry Potter and the Philosopher's Stone,Hogwarts,Harry Potter 1 GBC,,,https://www.youtube.com/watch?v=TgQFTVsBjjY&list=PLFF188C45BD627028&index=12,2,5,,,,,,,0,,,1,,,,,,,,,,,,,,
Harry Potter,Harry Potter and the Philosopher's Stone,Hogwarts Grounds,Harry Potter 1 GBC,,,https://www.youtube.com/watch?v=U4mQX_3synQ&list=PLFF188C45BD627028&index=16,2,5,,,,,,,0,,,1,,,,,,,,,,,,,,
Harry Potter,Harry Potter and the Philosopher's Stone,Main Theme,Harry Potter 1 GBC,,,https://www.youtube.com/watch?v=mdLrUo_O52E&list=PLFF188C45BD627028,2,5,,,,,,,0,,,1,,,,,,,,,,,,,,
Henry Stickmin,Henry Stickmin : Completing the mission,Theme,,,,https://lambda.vgmtreasurechest.com/soundtracks/the-henry-stickmin-collection-gamerip/ppnfqfohon/Completing%20The%20Mission%20-%20Theme.mp3,2,5,,,,,,,0,,,1,,,,,,,,,,,,,,
Henry Stickmin,Henry Stickmin : Escaping the prison,Theme,,,,https://lambda.vgmtreasurechest.com/soundtracks/the-henry-stickmin-collection-gamerip/ynimsavfhh/Escaping%20The%20Prison%20-%20Theme.mp3,2,5,,,,,,,0,,,1,,,,,,,,,,,,,,
Henry Stickmin,Henry Stickmin : Fleeing the complex,Theme,,,,https://nu.vgmtreasurechest.com/soundtracks/fleeing-the-complex-online-gamerip-2016/wgtxhtwb/1.%20Main%20Menu%20-%20sound%20321%20%28over%20to%20down%20%29.mp3,2,5,,,,,,,0,,,1,,,,,,,,,,,,,,
Henry Stickmin,Henry Stickmin : Infiltrating the airship,Theme,,,,https://lambda.vgmtreasurechest.com/soundtracks/the-henry-stickmin-collection-gamerip/dfnyqbtvne/Infiltrating%20The%20Airship%20-%20Theme.mp3,2,5,,,,,,,0,,,1,,,,,,,,,,,,,,
Henry Stickmin,Henry Stickmin Collection,Main Menu Theme,,,,https://lambda.vgmtreasurechest.com/soundtracks/the-henry-stickmin-collection-gamerip/aiwhjixduo/Title%20Theme.mp3,2,5,,,,,,,0,,,1,,,,,,,,,,,,,,
Hollow Knight,Hollow Knight,Crystal Peak,,,,,6,5,0,0,,,,,1,1,,,1,,,,,,0,,,,,,,
Hollow Knight,Hollow Knight,False Knight,,,,,6,5,0,0,,,,,1,1,,,1,,,,,,0,,,,,,,
Hollow Knight,Hollow Knight,Fungal Wastes,,,,,6,5,0,0,,,,,1,1,,,1,,,,,,0,,,,,,,
Hollow Knight,Hollow Knight,Gods and Glory,,,,https://audio.jukehost.co.uk/tUczzwo4CHp4lvwWOeltgLN6b0dDFd5t,8,5,0,0,,,,0,1,1,,1,1,0,,,,,,,,,,,,
Hollow Knight,Hollow Knight,Hornet,,,,,6,5,0,0,,,,,1,1,,,1,,,,,,0,,,,,,,
Hollow Knight,Hollow Knight,Reflection,,,,,6,5,0,0,,,,,1,1,,,1,,,,,,0,,,,,,,
League of Legends,League of Legends,Jhin,,,,https://audio.jukehost.co.uk/enDlwqgQPpuIfatf1zwKA040m9vjW8hV,8,5,0,0,,,,0,1,1,,1,0,1,,,,,,,,,,,,
League of Legends,League of Legends,Old Champion Select,,,,,10,5,1,0,0,1,,0,0,1,,1,0,1,,,,,,,,,,,,
League of Legends,League of Legends,Swain theme,,,,https://audio.jukehost.co.uk/5umdLSkzicay2usVz3u4eWNZRd1TEyCF,11,5,0,0,0,1,,0,0,1,1,1,0,1,,,,,,,,,,,,
League of Legends,Teamfight Tactics,Maestro theme (remix rumble),,,,https://audio.jukehost.co.uk/MYa5u63vlWyiH4cKkttchIefOVg79ugx,4,5,1,0,,,,,1,,,,,,,,,,0,,,,,,,
Lost Ark,Lost Ark,Club Avenue,,https://downloads.khinsider.com/game-soundtracks/album/lost-ark-vol.2-in-game-track-2018/07.%2520Club%2520Avenue.mp3,,,2,5,,,,,,,0,,,1,,,,,,,,,,,,,,
Mario et Luigi,Bowser's Inside Story,Let's meet in a different forest,,,,,2,5,,,,,,,0,,,1,,,,,,,,,,,,,,
Mario et Luigi,Bowser's Inside Story,Oki Doki,,,,,2,5,,,,,,,0,,,1,,,,,,,,,,,,,,
Mario et Luigi,Bowser's Inside Story,To a new adventure,,,,,2,5,,,,,,,0,,,1,,,,,,,,,,,,,,
Mario et Luigi,Dream Team Bros.,Château de Peach,,,,https://lambda.vgmtreasurechest.com/soundtracks/mario-and-luigi-dream-team/lwbpxsxi/16%20Peach%27s%20Castle%20Theme.mp3,2,5,,,1,,,,0,,,,,,,,,,,,,,,,,
Mario et Luigi,Dream Team Bros.,Parc de l'éveil,,,,https://lambda.vgmtreasurechest.com/soundtracks/mario-and-luigi-dream-team/yzbkvzkb/21%20Breezy%20Mushrise%20Park.mp3,2,5,,,1,,,,0,,,,,,,,,,,,,,,,,
Mario et Luigi,Dream Team Bros.,Title,,,,https://lambda.vgmtreasurechest.com/soundtracks/mario-and-luigi-dream-team/hdwwrwgs/01%20Your%20Dream%20Adventure%21.mp3,2,5,,,1,,,,0,,,,,,,,,,,,,,,,,
Mario et Luigi,Les frères du temps,Volcan Thwomp,,,,https://nu.vgmtreasurechest.com/soundtracks/mario-luigi-partners-in-time-arrangement-ost-2018/mmxcsged/20.%20Thwomp%20Volcano.mp3,2,5,,,1,,,,0,,,,,,,,,,,,,,,,,
Mario Kart,Mario Kart 8 Deluxe,Sunshine Airport,,,,https://audio.jukehost.co.uk/NUTOFAH9S6fYXwlIxgWw0jlQ8obIcbPR,6,5,1,0,,,,0,1,,,,0,1,,,,,,,,,,,,
Mario Kart,Mario Kart 8 Deluxe,Water Park,,,,https://audio.jukehost.co.uk/NxL9JzvR7ozAhWAMCirIRyF1J3UiWLGM,6,5,1,0,,,,0,1,,,,0,1,,,,,,,,,,,,
Mario Kart,Mario Kart Wii,Main Menu,,,,,8,5,1,0,1,,,0,1,0,,,0,1,,,,,,,,,,,,
Mario Kart,Mario Kart Wii,Route Arc-en-ciel,,,,,8,5,1,0,1,,,0,1,,,,0,1,,,,,,,,,,,0,
Mario Kart,Mario Kart Wii,Wi Fi menu,,,,,4,5,1,0,,,,,1,,,,,,,,,,0,,,,,,,
Metroid,Metroid Dread,Artaria 2,,,,,2,5,,,,,,,0,,1,,,,,,,,,,,,,,,
Metroid,Metroid Dread,Burenia,,,,,2,5,,,,,,,0,,1,,,,,,,,,,,,,,,
Metroid,Metroid Fusion,VS Nightmare,,,,,2,5,,,,,,,0,,1,,,,,,,,,,,,,,,
Metroid,Metroid Prime,Phendrana Drifts,,,,,2,5,,,,,,,0,,1,,,,,,,,,,,,,,,
Metroid,Metroid Prime,VS Metroid Prime - Core,,,,,2,5,,,,,,,0,,1,,,,,,,,,,,,,,,
Metroid,Metroid Prime 3,Skytown,,,,,2,5,,,,,,,0,,1,,,,,,,,,,,,,,,
Metroid,Metroid Prime 3,VS Gandrayda,,,,,2,5,,,,,,,0,,1,,,,,,,,,,,,,,,
Metroid,Metroid Prime 3,VS Rundas,,,,,2,5,,,,,,,0,,1,,,,,,,,,,,,,,,
Metroid,Metroid Prime Hunters,VS Sylux,,,,,2,5,,,,,,,0,,1,,,,,,,,,,,,,,,
Metroid,Super Metroid,Brinstar Overgrown with Vegetation Area,Brinstar Jungle,,,,2,5,,,,,,,0,,1,,,,,,,,,,,,,,,
Minecraft,Minecraft,Pigstep,,,,https://audio.jukehost.co.uk/gsLzRIBoJGpoEbyxvMmbU8iCldLdxj3K,6,5,0,0,1,,,,1,1,,,0,,,,,,,,,,,,,
NieR,NieR Replicant,Shadowlord's castle,,,,,2,5,,,0,,,,1,,,,,,,,,,,,,,,,,
Octopath Traveler,Octopath Traveler,"Primrose, the Dancer",Primrose,,,https://lambda.vgmtreasurechest.com/soundtracks/octopath-traveler-original-soundtrack-2018/efoeelpr/1-06%20Primrose%2C%20the%20Dancer.mp3,2,5,,,1,,,,0,,,,,,,,,,,,,,,,,
OneShot,OneShot,On Little Cat Feet,,,,https://audio.jukehost.co.uk/4QzXc3MSach2wpBg4sWV8WejbSZEor01,8,5,0,1,,,,,0,1,,,,,,0,,,1,,,,0,,1,
Persona,Persona 3,Mass Destruction,,,,https://audio.jukehost.co.uk/6jyB11ZKLsw3oqTYcT5cvldA2h3bPFzV,6,5,1,0,,,,,1,0,,,,,,1,,,0,,,,,,,
Persona,Persona 3 : Dancing in Moonlight,Our Moment,opening theme,,,,6,5,1,0,,,,,1,0,,,,,,1,,,0,,,,,,,
Persona,Persona 4,I'll face myself,,,,https://audio.jukehost.co.uk/jR7WxbnMSan6KP6CGj0Y44bmOQXt8ZAc,6,5,1,0,,,,,1,0,,,0,,,1,,,,,,,,,,
Persona,Persona 4,I'll face myself - battle,,,,https://audio.jukehost.co.uk/vksrycqVcFyVOJqgF7DH6crwLUjRM4Rv,6,5,1,0,,,,,1,0,,,0,,,1,,,,,,,,,,
Persona,Persona 5,Price,,https://downloads.khinsider.com/game-soundtracks/album/persona-5-royal-the-complete-soundtrack/2-16.%2520Price.mp3,,https://lambda.vgmtreasurechest.com/soundtracks/persona-5-royal-the-complete-soundtrack/nohtvzka/2-16.%20Price.mp3,6,5,0,0,,,,,1,,,1,0,,,1,,,,,,,,,,
Persona,Persona 5,Wake up Get up Get Out There,,https://downloads.khinsider.com/game-soundtracks/album/persona-5-royal-the-complete-soundtrack/1-01.%2520Wake%2520Up%252C%2520Get%2520Up%252C%2520Get%2520Out%2520There.mp3,,https://audio.jukehost.co.uk/OoTbHpXrTO3S8XwtPVcFO96HBbFvaskZ,8,5,1,0,,,,0,1,0,,1,0,,,1,,,,,,,,,,
Pikmin,,,,,,,2,5,,1,,,,,,,,,,,,0,,,,,,,,,,
Pineapple On Pizza,Pineapple On Pizza,The Floor is Lava,,,,,11,5,1,0,0,,,1,1,1,,1,0,,,0,,,,,,,,0,0,
Pokemon,Gen 1,Bourg Pallet,,https://downloads.khinsider.com/game-soundtracks/album/pokemon-red-green-blue-yellow/04%2520Pallet%2520Town.mp3,,,2,5,,,,,,,0,,,1,,,,,,,,,,,,,,
Pokemon,Gen 1,Bycicle,,https://downloads.khinsider.com/game-soundtracks/album/pokemon-red-green-blue-yellow/38.%2520Bicycle.mp3,,,2,5,,,,,,,0,,,1,,,,,,,,,,,,,,
Pokemon,Gen 1,Cerulean City (Azuria),,https://downloads.khinsider.com/game-soundtracks/album/pokemon-red-green-blue-yellow/34%2520Cerulean%2520City.mp3,,,2,5,,,,,,,0,,,1,,,,,,,,,,,,,,
Pokemon,Gen 1,Pkmn Lab,,https://downloads.khinsider.com/game-soundtracks/album/pokemon-red-green-blue-yellow/07.%2520Pok%25C3%25A9mon%2520Lab.mp3,,,2,5,,,,,,,0,,,1,,,,,,,,,,,,,,
Pokemon,Gen 1,Pkmn Tower,,https://downloads.khinsider.com/game-soundtracks/album/pokemon-red-green-blue-yellow/45%2520Pok%25C3%25A9mon%2520Tower.mp3,,,2,5,,,,,,,0,,,1,,,,,,,,,,,,,,
Pokemon,Gen 1,Trainer (Bad Guy),,https://downloads.khinsider.com/game-soundtracks/album/pokemon-red-green-blue-yellow/33.%2520A%2520Trainer%2520Appears%2520%2528Bad%2520Guy%2520Version%2529.mp3,,,2,5,,,,,,,0,,,1,,,,,,,,,,,,,,
Pokemon,Gen 1,Viridian City (Jadielle),,https://downloads.khinsider.com/game-soundtracks/album/pokemon-red-green-blue-yellow/17%2520Viridian%2520City.mp3,,,2,5,,,,,,,0,,,1,,,,,,,,,,,,,,
Pokemon,Gen 1,Viridian Forest (Foret de jade),,https://downloads.khinsider.com/game-soundtracks/album/pokemon-red-green-blue-yellow/22%2520Viridian%2520Forest.mp3,,,2,5,,,,,,,0,,,1,,,,,,,,,,,,,,
Pokemon,Gen 2,Route 29,,,,https://audio.jukehost.co.uk/tdayZolqZ9VA8kbSkolFP7cFR5Kp3nIh,6,5,1,0,,,,0,0,1,,,1,,,,,,,,,,,,,
Pokemon,Gen 2 Remaster,New Bark Town,,,,https://audio.jukehost.co.uk/Ap1h0i9AOsS5LdHyRr4iz78F8bsL7tG4,6,5,1,0,,,,0,1,1,,,0,,,,,,,,,,,,,
Pokemon,Gen 3,Dive,,,,https://audio.jukehost.co.uk/g1DPFrmfSAtykVEDf6pGtmH5FPMPyzhd,6,5,1,0,,,,0,0,1,,,1,,,,,,,,,,,,,
Pokemon,Gen 4,Distorion World,,,,,6,5,1,0,,,,,1,0,,1,0,,,,,,,,,,,,,
Pokemon,Gen 5,Battle,,,,https://audio.jukehost.co.uk/wFDoIacmCgBUZAjeEiD7jVtxBQy3fRAx,6,5,1,0,,,,0,1,1,,,0,,,,,,,,,,,,,
Pokemon,Gen 5,Entralink theme,,,,https://audio.jukehost.co.uk/kcywNAN4U0uvD88AfYwDzHHey9cJcCF6,4,5,1,0,,,,,1,,,,,,,,,,0,,,,,,,
Pokemon,Gen 7,Gladion battle theme,,,,https://audio.jukehost.co.uk/uCZF3pHIfIDxpxelxgBne3zXFWFhIxuP,6,5,1,0,,,,,1,1,,,,,,,,,0,0,,,,,,
Pokémon,Pokémon Shuffle,Galerie Rouge,,https://downloads.khinsider.com/game-soundtracks/album/pok-mon-shuffle-3ds-gamerip-2015/08.%2520Galerie%2520Rouge.mp3,,,2,5,,,,,,,0,,,1,,,,,,,,,,,,,,
Pokémon,Pokémon Shuffle,Isla Asul,,https://downloads.khinsider.com/game-soundtracks/album/pok-mon-shuffle-3ds-gamerip-2015/06.%2520Isla%2520Asul.mp3,,,2,5,,,,,,,0,,,1,,,,,,,,,,,,,,
Pokémon,Pokémon Shuffle,Rainbow Park,,https://downloads.khinsider.com/game-soundtracks/album/pok-mon-shuffle-3ds-gamerip-2015/07.%2520Rainbow%2520Park.mp3,,,2,5,,,,,,,0,,,1,,,,,,,,,,,,,,
Pokémon,Pokémon Shuffle,Silbern Museum,,https://downloads.khinsider.com/game-soundtracks/album/pok-mon-shuffle-3ds-gamerip-2015/10.%2520Silbern%2520Museum.mp3,,,2,5,,,,,,,0,,,1,,,,,,,,,,,,,,
Pokémon,Pokémon Shuffle,Sweet Strasse,,https://downloads.khinsider.com/game-soundtracks/album/pok-mon-shuffle-3ds-gamerip-2015/09.%2520Sweet%2520Strasse.mp3,,,2,5,,,,,,,0,,,1,,,,,,,,,,,,,,
Pokémon,Pokémon Shuffle,Title,,https://downloads.khinsider.com/game-soundtracks/album/pok-mon-shuffle-3ds-gamerip-2015/02.%2520Title%2520Screen.mp3,,,2,5,,,,,,,0,,,1,,,,,,,,,,,,,,
Pokemon Donjon Mystère ,Pokemon Donjon Mystère : Blue Rescue Team,Opening,,https://downloads.khinsider.com/game-soundtracks/album/pokemon-mystery-dungeon-blue-rescue-team/01.%2520Opening.mp3,,,2,5,,,,,,,0,,,1,,,,,,,,,,,,,,
Pokemon Donjon Mystère ,Pokemon Donjon Mystère : Blue Rescue Team,Pokemon Square,,https://downloads.khinsider.com/game-soundtracks/album/pokemon-mystery-dungeon-blue-rescue-team/13.%2520Pokemon%2520Square.mp3,,,2,5,,,,,,,0,,,1,,,,,,,,,,,,,,
Pokemon Donjon Mystère ,Pokemon Donjon Mystère : Blue Rescue Team,Rescue Base,,https://downloads.khinsider.com/game-soundtracks/album/pokemon-mystery-dungeon-blue-rescue-team/10.%2520Rescue%2520Base.mp3,,,2,5,,,,,,,0,,,1,,,,,,,,,,,,,,
Pokemon Donjon Mystère ,Pokemon Donjon Mystère : Blue Rescue Team,Top Menu,,https://downloads.khinsider.com/game-soundtracks/album/pokemon-mystery-dungeon-blue-rescue-team/03.%2520Top%2520Menu.mp3,,,2,5,,,,,,,0,,,1,,,,,,,,,,,,,,
Pokemon Donjon Mystère ,Pokemon Donjon Mystère : Blue Rescue Team,Welcome to the World of Pokemon,,https://downloads.khinsider.com/game-soundtracks/album/pokemon-mystery-dungeon-blue-rescue-team/04.%2520Welcome%2521%2520To%2520the%2520World%2520of%2520Pokemon%2521.mp3,,,2,5,,,,,,,0,,,1,,,,,,,,,,,,,,
Portal,Portal 2,Machiavellian Bach,,,,https://jetta.vgmtreasurechest.com/soundtracks/portal-2-soundtrack-songs-to-test-by-collectors-edition/bwgodxcu/3-04%20-%20Machiavellian%20Bach.mp3,2,5,,,1,,,,0,,,,,,,,,,,,,,,,,
Portal,Portal 2,Want you gone,,,,https://audio.jukehost.co.uk/Kbv89qV96PacGdkDoFcWRzLhUbzhfQzU,8,5,0,1,1,,,0,1,1,,0,0,,,,,,,,,,,,,
Professor Layton,The Curious Village,Puzzles,,,,https://vgmtreasurechest.com/soundtracks/professor-layton-and-the-curious-village/waxhdylvtw/05.%20Puzzles.mp3,6,5,0,0,,,,,1,1,,,,,,,,,1,,,,0,,,
Rayman,Rayman 2 gbc,Main Theme,,,,https://www.youtube.com/watch?v=tl5jje78Ya4,2,5,,,,,,,0,,,1,,,,,,,,,,,,,,
RV There Yet?,RV There Yet?,Jesus Take the Wheel,,,,https://nu.vgmtreasurechest.com/soundtracks/rv-there-yet-soundtrack-2025/iwhuuekvnh/01.%20Jesus%20Take%20The%20Wheel.mp3,2,5,,1,,,,,0,,,,,,,,,,,,,,,,,
RV There Yet?,RV There Yet?,Relax Embrace,,,,https://nu.vgmtreasurechest.com/soundtracks/rv-there-yet-soundtrack-2025/vpbfieawio/02.%20Relax%20Embrace.mp3,2,5,,1,,,,,0,,,,,,,,,,,,,,,,,
Sonic,Frontiers,Undefeatable,,,,https://audio.jukehost.co.uk/MVw8IKy1lNM1pZ8fmYgta0xZXNkrSrbt,6,5,0,0,,,,1,1,,,,0,,,,1,,,,,,,,,
Spiritfarer,Spiritfarer,Meteoroids,,,,https://lambda.vgmtreasurechest.com/soundtracks/spiritfarer-farewell-edition-2022/gnqfmoubxd/41.%20Meteoroids.mp3,2,5,,0,,,,,1,,,,,,,,,,,,,,,,,
SSX,SSX on Tour,Red hot ,,,,https://www.youtube.com/watch?v=5qApHtzyRq0&list=PLGz_pJSqYLg9jF-5lxWUxWVxCmnloNkGH&index=6,2,5,,,,,,,0,,,1,,,,,,,,,,,,,,
SSX,SSX on Tour,Run to the Hills,intro theme,,,https://www.youtube.com/watch?v=2XW0wAbDJpE,2,5,,,,,,,0,,,1,,,,,,,,,,,,,,
Stardew Valley,Stardew Valley,Spring (The Valley Comes Alive),,,,https://audio.jukehost.co.uk/FZ25Jn1FgzIXS3aSuyPLvgnRqyRuT7bG,11,5,0,0,1,,,1,0,1,1,0,0,,,,,,,,,,1,,0,
Stellar Blade,Stellar Blade,Flooded Commercial Sector,,,,https://audio.jukehost.co.uk/1xi6LpPDvK2Y5RvzuCnhRV6HBNZJhGr8,6,5,0,0,,,,,1,,,1,0,,,1,,,,,,,,,,
Stellar Blade,Stellar Blade,Shaël,,https://downloads.khinsider.com/game-soundtracks/album/stellar-blade-soundtrack-2024/94.%2520Shael.mp3,,,2,5,,,,,,,0,,,1,,,,,,,,,,,,,,
Stellar Blade,Stellar Blade,Wasteland (Reboot Type C),,,,https://audio.jukehost.co.uk/7G7RLCqaX9vmRGNyysdlYZihdRHzV4fE,6,5,0,0,,,,,1,,,1,0,,,1,,,,,,,,,,
Stellar Blade,Stellar Blade,Wasteland (Type A),,,,https://audio.jukehost.co.uk/HfVVL8l42RFT5A4AhbECdYKcxLleJcDH,6,5,0,0,,,,,1,,,1,,,,1,,,0,,,,,,,
Street Fighter,SF2,Guile's theme,Guile theme,,,https://audio.jukehost.co.uk/DRf8NQa73Z0w9J71euPzRRpWSAPbBHI3,6,5,1,0,,,,1,1,0,,,0,,,,,,,,,,,,,
Super Mario,Super Mario Galaxy 2,Starship Mario,,,,https://lambda.vgmtreasurechest.com/soundtracks/super-mario-galaxy-2/qjyoakzt/1-33.%20Starship%20Mario%202.mp3,2,5,,,1,,,,0,,,,,,,,,,,,,,,,,
Super Smash Bros,Brawl,Final Destination,,,,https://audio.jukehost.co.uk/WZttAJO04dwYfNnbHjoP1M3y6AED4DFu,10,5,1,1,,,,0,1,1,,0,0,,1,0,,,,,,,,,0,
Supercell,Clash of Clans,Home,,,,,4,5,1,0,,,,,1,0,,,,,,,,,,,,,,,,
Superman,Superman gbc,track 3,,https://downloads.khinsider.com/game-soundtracks/album/superman-1997-sgb/03%2520BGM%2520%252303.mp3,,,2,5,,,,,,,0,,,1,,,,,,,,,,,,,,
Tekken,Tekken 5,mode select,,https://downloads.khinsider.com/game-soundtracks/album/tekken-5-tekken-dark-resurrection-original-soundtrack/1-03.%2520Mode%2520select%2520~Tekken5~.mp3,,,2,5,,,,,,,0,,,1,,,,,,,,,,,,,,
Tekken,Tekken 5,neonatal,,https://downloads.khinsider.com/game-soundtracks/album/tekken-5-original-soundtrack/02.%2520tekken%25205%2520-%2520neonatal.mp3,,,2,5,,,,,,,0,,,1,,,,,,,,,,,,,,
Tekken,Tekken 8,Libertation,,,,https://audio.jukehost.co.uk/RCPwd0jFWRt7q7rhJARoEpIlBUwNkBsv,4,5,1,0,,,,,0,,,1,,,,,,,,,,,,,,
Tekken,Tekken 8,My Last Stand/Opening,,https://downloads.khinsider.com/game-soundtracks/album/tekken-8-original-soundtrack-2024/01.%2520My%2520Last%2520Stand.mp3,,https://jetta.vgmtreasurechest.com/soundtracks/tekken-8-original-soundtrack-2024/qhoyzevq/01.%20My%20Last%20Stand.mp3,6,5,1,0,,,,,1,0,,1,0,,,,,,,,,,,,,
Tekken,Tekken 8,Opening,,,,https://audio.jukehost.co.uk/gOzoRqIYo08f45DnnSEGpy1ebxuflOMD,6,5,1,0,,,,,1,0,,1,0,,,,,,,,,,,,,
Tekken,Tekken 8,Ortiz farm (classic),,,,https://audio.jukehost.co.uk/3NSjt9VC5GC75izBXKs6y9I3JcJihSHf,4,5,0,0,,,,,1,,,1,,,,,,,,,,,,,,
Tekken,Tekken 8,Ortiz farm (climax),,,,https://audio.jukehost.co.uk/BdhWb7ZAeaiD0qUYbpfumD7MYlx54YDE,4,5,0,0,,,,,1,,,1,,,,,,,,,,,,,,
Tekken,Tekken 8,Seaside Resort (classic),,,,,6,5,1,0,,,,,1,0,,1,,,,0,,,,,,,,,,
Tekken,Tekken 8,Twilight party cruise (classic),,,,https://audio.jukehost.co.uk/wixcRMLV3VUb65QNzUbxMjbyEsSjrvSB,6,5,1,0,,,,,1,,,1,0,,,,,,0,,,,,,,
Tekken,Tekken 8,Yakushima (classic),,,,https://audio.jukehost.co.uk/vBoppMUMpl7olgKYT45IRa198657cyeR,4,5,1,0,,,,,0,,,1,,,,,,,,,,,,,,
The Binding of Isaac,Rebirth,Diptera Sonata,Isaac,,,,6,5,1,0,,,,,1,1,,0,,,,,,,0,,,,,,,
The Elder Scrolls,Skyrim,Steel on Steel,,,,https://audio.jukehost.co.uk/9zotqfQ3v7N01V9ASyDT0FtARyXaQKvu,11,5,1,0,1,,1,0,1,0,1,1,0,,,,,,,,,,,,0,
Ultrakill,Ultrakill,The CyberGrind,,,,https://audio.jukehost.co.uk/MW6IuNsRnF3HDJVy6Ip6B9xvbfEgupjY,4,5,0,0,,,,,1,,,,,,,,,,1,,,,,,,
Viva Piñata,OG,Soil Song,,,,https://jetta.vgmtreasurechest.com/soundtracks/viva-pinata-original-soundtrack/uthgljoq/24%20Soil%20Song.mp3,2,5,,,1,,,,0,,,,,,,,,,,,,,,,,
WarioWare,Mega Microgame,Main Menu,,,,,4,5,1,0,,,,,1,,,,,,,0,,,,,,,,,,
Yakuza,Yakuza 0 ,Friday Night,,,,https://audio.jukehost.co.uk/sXR3tFsi0y8Gr27V3jfoTrT8F2HzY4Xj,6,5,1,0,,,,,1,,,,0,,,,1,,0,,,,,,,
Zelda,Breath of the wild,E3 2017,,,,https://audio.jukehost.co.uk/M5BJB0runmhwtc2oxNYcftsFxcXsFqKf,10,5,0,1,1,,,1,1,0,1,0,0,,0,,,,,,,,,,,
Zelda,Wind Waker,Molgera,,https://downloads.khinsider.com/game-soundtracks/album/legend-of-zelda-the-the-wind-waker-hd-2013-wii-u-gamerip/4-02.%2520Molgera%2520Battle.mp3,,https://nu.vgmtreasurechest.com/soundtracks/legend-of-zelda-the-the-wind-waker-hd-2013-wii-u-gamerip/fsgtsgaupi/4-02.%20Molgera%20Battle.mp3,6,5,1,0,,,,,1,,,,0,,1,,,,0,,,,,,,
Ace Combat,Ace Combat 4,Megalith Agnus Dei,,,,https://audio.jukehost.co.uk/MBcRDkiIBOPEcA52Ah1hfnI4zPkbA9he,7,6,0,0,,,,1,1,1,,,0,,,,,,0,,,,,,,
Age of Empire,Age of Empire 3,Main Theme,,,,https://audio.jukehost.co.uk/b2lCTYJJDDX9aAKPHEtPPWYMjlMm2GEM,16,6,1,0,0,0,1,0,1,0,1,1,0,0,,0,0,,1,,,,,,1,
Animal Crossing,Animal Crossing : City Folks,City Day,AC/ACCF,,,https://audio.jukehost.co.uk/j4yXWmRrwyQ3A7IpHcpAfYTaj74wunDi,14,6,1,0,0,1,,0,0,0,1,0,0,0,,0,1,,,,,,1,,,
Animal Crossing,Animal Crossing : New Leaf,8 P.M.,AC/ACNL,,,https://audio.jukehost.co.uk/q6gN0mlLmpz698TgQYZuidWiGP8gJEwW,11,6,1,1,0,,,0,1,1,,0,0,0,,0,0,,,,,,,,,
Animal Crossing,Animal Crossing : Wild World,Post Office,AC/ACWW,,,https://audio.jukehost.co.uk/CE9GzHeyOgjnWJ8DJIW9YRaYK1jm9zq7,11,6,1,0,1,,,0,0,1,,0,0,0,,1,0,,,,,,,,,
Animal Crossing,Musique de KK,K.K. Disco,,,,https://audio.jukehost.co.uk/i8aIjeyC2bK7gTnovTKnYzGKNk9YMB0J,11,6,1,1,0,,,0,0,0,,0,0,1,,0,1,,,,,,,,,
Animal Crossing,Musique de KK,K.K. House,,,,https://audio.jukehost.co.uk/K2PHtbLxVehVBX42Iv3M8FuwXGxZSuni,11,6,1,1,0,,,0,0,0,,0,0,1,,0,1,,,,,,,,,
Animal Crossing,Musique de KK,K.K. Parade,,,,https://audio.jukehost.co.uk/Md9mkaqEsbyP6elbWhzT4cfQIJ1LFxBw,11,6,1,1,0,,,0,0,0,,0,0,1,,0,1,,,,,,,,,
Assassin's Creed,Assassin's Creed IV Black Flag,Main theme,,,,https://audio.jukehost.co.uk/ZMUu7Z3pAFyX1nKraW8gfHkOHi389RZN,8,6,0,0,,,,0,1,,,0,0,,,1,1,,,,,,,,,
Balatro,Balatro,Main Theme,,,,https://audio.jukehost.co.uk/sdCw91jPH1ox2IQYOZpgeTiykNHJWWX2,13,6,0,0,0,,,0,1,1,1,0,0,0,,0,1,,,,,,,,1,
Bopl Battle,Bobl Battle,Battle blops,,,,https://audio.jukehost.co.uk/rRQGRkKgSudSRjh5twMH9h7xDKx9X2hW,7,6,0,0,,,,,1,,,,1,1,,0,0,,,,,,,,,
Bopl Battle,Bobl Battle,Don't get hit,,,,https://audio.jukehost.co.uk/PGP8l78ct84VwfP1XPPWy0d2CFyQTovJ,7,6,0,0,,,,,1,,,,1,1,,0,0,,,,,,,,,
Bopl Battle,Bobl Battle,Friendship,,,,https://audio.jukehost.co.uk/8dV9Y5y6TEdfKBQxNkh4o6OobrprJYxh,8,6,0,0,,,,,1,0,,,1,1,,0,0,,,,,,,,,
Bopl Battle,Bobl Battle,Lightning cruiser,,,,https://audio.jukehost.co.uk/syxsuu3YB2w3mzrFnbkVLsJB5eTY06db,7,6,0,0,,,,,1,,,,1,1,,0,0,,,,,,,,,
Bopl Battle,Bobl Battle,Pump it up,,,,https://audio.jukehost.co.uk/a3I17EHgmq7O4B2COpzrfXRz7KtEHmks,8,6,0,0,,,,,1,,,,1,1,,0,0,,,0,,,,,,
Borderlands,Borderlands,Ain't No Rest for the Wicked,Intro,https://downloads.khinsider.com/game-soundtracks/album/borderlands-gamerip-2009/22.%2520Intro%2520Music%2520No%2520Edit%2520Full.mp3,,https://lambda.vgmtreasurechest.com/soundtracks/borderlands-gamerip-2009/jutkusgd/22.%20Intro%20Music%20No%20Edit%20Full.mp3,8,6,0,0,,,,,1,1,,,0,,,1,,,0,,,,,,0,
Brain Age,Apprentissage Cérébral,Title Screen,,,,https://audio.jukehost.co.uk/yaMyqQUKdp5WtcMpVv2iSmex1oHtro6x,11,6,1,0,,,,1,1,0,,0,0,0,,0,0,,,,,,,,1,
Castlevania,Aria of Sorrow,Inner Quarters,Phantom Palace,,,https://audio.jukehost.co.uk/2fYVmi0AhFwjkZcwnPs6G9yLcVe0HegR,5,6,0,0,0,,,,1,,,,,,,,1,,,,,,,,,
Castlevania,Dawn of Sorrow,After Confession,,,,https://audio.jukehost.co.uk/Gbs5DInRJ2OkCfGwNPSK2IfwcnVeq9UG,5,6,1,0,0,,,,1,,,,,,,,,,0,,,,,,,
Crypt of the NecroDancer,Cadence of Hyrule,Ganon Battle,,,,https://audio.jukehost.co.uk/BG4kNobQHcj8Z3DyNWXwJH3pd4ZpEhCB,7,6,1,0,,,,,1,1,,,0,,,,0,,0,,,,,,,
Crypt of the NecroDancer,Crypt of the NecroDancer,Crypteque,,,,,5,6,0,0,,,,,1,,,,0,,,,,,1,,,,,,,
Crypt of the NecroDancer,Crypt of the NecroDancer,Dance of the Decorous,,,,,5,6,0,0,,,,,1,,,,0,,,,,,1,,,,,,,
Crypt of the NecroDancer,Crypt of the NecroDancer,Deep Sea Bass,,,,,5,6,0,0,,,,,1,,,,0,,,,,,1,,,,,,,
Crypt of the NecroDancer,Crypt of the NecroDancer,Konga Conga Kappa,,,,,5,6,0,0,,,,,1,,,,0,,,,,,1,,,,,,,
Crypt of the NecroDancer,Crypt of the NecroDancer,Mausoleum Mash,,,,,5,6,0,0,,,,,1,,,,0,,,,,,1,,,,,,,
Crypt of the NecroDancer,Crypt of the NecroDancer,Metalmancy ,,,,,5,6,0,0,,,,,1,,,,0,,,,,,1,,,,,,,
Crypt of the NecroDancer,Crypt of the NecroDancer,Six Feet Thunder ,,,,,5,6,0,0,,,,,1,,,,0,,,,,,1,,,,,,,
Crypt of the NecroDancer,Crypt of the NecroDancer,Tombtorial,,,,,5,6,0,0,,,,,1,,,,0,,,,,,1,,,,,,,
CyberPunk 2077,Cyberpunk 2077,I really want to stay at your house,,,,https://audio.jukehost.co.uk/Lf2mS8e7mRcXxAIYRvmPT6LeX2g9JXbA,12,6,1,0,0,0,,1,1,1,1,0,0,0,,,0,,,,,,,,,
CyberPunk 2077,Cyberpunk 2077,The Rebel Path,Intro,,,,7,6,1,0,,,,1,1,,,,0,,,,,,0,,,,0,,,
Dark Souls,Dark Souls,Gwyn,,,,https://audio.jukehost.co.uk/UUIIRw39LKQrN3rEXaxFFvqfbVuv8Qr4,10,6,1,0,,,,0,1,0,,1,0,0,,,1,,0,,,,,,,
Dark Souls,Dark Souls,Priscilla la goat,,,,https://audio.jukehost.co.uk/l4YFyMy5ri6BdXKkFdeiIrkXSVbXSpTo,11,6,0,0,,,,0,1,0,,1,0,0,,,1,,0,,,,,,1,
Dark Souls,Dark Souls 3,Aldritch,,,,https://audio.jukehost.co.uk/MEfywgUSZbMOpcAOPQIvYX45WltOW8KY,10,6,1,0,,,,0,1,0,,1,0,0,,,1,,0,,,,,,,
Dark Souls,Dark Souls 3,Soul of Cinder,,,,https://vgmtreasurechest.com/soundtracks/dark-souls-iii-soundtracks/ahiwhvid/1-24%20Soul%20Of%20Cinder.mp3,10,6,0,0,,,,0,1,0,,1,0,0,,1,1,,,,,,,,,
Deltarune,Deltarune,Before the story,,,,https://audio.jukehost.co.uk/eTLp5JkChkJbio9SNrYfLilrpcpAOsGQ,5,6,0,1,,,,,1,,,,0,,,,,,0,,,,,,,
Deltarune,Deltarune,Don't forget,,,,https://audio.jukehost.co.uk/Sx31hGrOsZ2yoUBw3vITeFumTcbmfAT5,5,6,0,1,,,,,1,,,,0,,,,,,0,,,,,,,
Diablo,Diablo,Tristram,,https://downloads.khinsider.com/game-soundtracks/album/diablo-1/02%2520Tristram.mp3,,https://vgmtreasurechest.com/soundtracks/diablo-1/zlgyzaex/02%20Tristram.mp3,11,6,1,1,,,,1,1,0,,0,0,0,,,0,,,,,,,0,0,
Donkey Kong Country,Donkey Kong Country ,Aquatic Ambiance,,,,https://audio.jukehost.co.uk/OkfQnVyshHizHiaDzJMegaLJf3Fx8t3P,11,6,1,0,1,,,0,1,0,,0,0,1,,,0,,,,,,,0,,
Fear and hunger,Fear and hunger,Ma'habre streets,,,,https://audio.jukehost.co.uk/Udz46oJfYvqjS6bsb4gVPbD7N5VkfR87,8,6,0,0,,,,,1,0,,,1,0,,,0,,,,,,,,1,
Fez,Fez,Adventure,,,,,10,6,0,0,,,,1,1,1,,0,0,0,,,0,,,,,,,,1,
Final Fantasy,Final Fantasy VI,Terra's Theme,,,,https://ia600807.us.archive.org/3/items/final-fantasy-vi-6-terras-theme-snes-version/Final%20Fantasy%20VI%206%20Terras%20Theme%20SNES%20Version.mp3,7,6,1,0,,,,,1,,,,1,,,,,,0,0,,,0,,,
Final Fantasy,Final Fantasy VII,Chocobo theme,,,,https://audio.jukehost.co.uk/Y5sEc8gBXbOHnpn0qPhwQoPa7MAP27c3,10,6,1,0,0,,,0,1,0,,0,1,1,,,,,,0,,,,,,
Final Fantasy,Final Fantasy VII,One Winged Angel,,,,https://audio.jukehost.co.uk/FJKKwg8VUJ2c4MPlQSueMSSDUrMu1Dep,5,6,0,0,,,,,1,,,,1,,,,,,0,,,,,,,
Final Fantasy,Final Fantasy VII,Tifa's theme,,,,https://audio.jukehost.co.uk/3sLGEPIuzDDlqxsjGDv9Sf4N4UFbCxQW,5,6,0,0,,,,,1,,,,1,,,,,,0,,,,,,,
Final Fantasy,Final Fantasy VII Remake,Opening theme,,,,https://audio.jukehost.co.uk/t3xrJUOt6y4S6IxWToqXvSCsZ8HS37sJ,5,6,0,0,,,,,1,,,,1,,,,,,0,,,,,,,
Final Fantasy,Final Fantasy X,To Zanarkand,,,,https://audio.jukehost.co.uk/mhjdCiZdtiB8lqQjrHVU0sKegv8XAFqt,10,6,1,0,0,,,0,1,0,,0,1,0,,,,,,,,,,,1,
Final Fantasy,Final Fantasy XIV,Fallen Angel,,,,https://audio.jukehost.co.uk/udzeBQeoi53MKV8Mh3K4mlhOtKyIfSgd,5,6,0,0,,,,,0,,,,1,,,,,,1,,,,,,,
Final Fantasy,Final Fantasy XVI,All as One,,,,https://audio.jukehost.co.uk/bi8wIkB3jBlNCSVq5eqvx5PDFO7R326g,5,6,0,0,,,,,1,,,,1,,,,,,0,,,,,,,
Final Fantasy,Final Fantasy XVI,Find the flame,,,,https://audio.jukehost.co.uk/QYEZq8BQNEOwNqLldz9ey4bK1SkA7st3,5,6,0,0,,,,,1,,,,1,,,,,,0,,,,,,,
Fortnite,Fortnite,Lobby music,,,,https://audio.jukehost.co.uk/LQe1EQEPoLSTupawg5G1OOEZyIPhC84f,8,6,1,0,,1,,,1,0,,0,0,0,,,,,,,,,,,,
Friday Night Funkin,Friday Night Funkin,Spookeez,,,,,5,6,1,0,,,,0,0,1,,,,,,,,,,,,,,,,
Frostpunk,Frostpunk 1,Frostpunk's theme,,,,https://audio.jukehost.co.uk/ndbIDCYobymsQOJBIdoF7gADOiStwGE6,11,6,1,1,0,,,0,0,0,,1,0,0,,,,,,,,1,,,0,
Galaxy Life,Galaxy Life,Theme,,,,https://audio.jukehost.co.uk/nefKPZ2znIsKAjWjcYRP2dM0DBmKdAdc,11,6,1,0,1,,,0,0,0,,0,0,1,,,,,,,,,,1,0,
Grand Theft Auto,GTA 6,,,,,,8,6,1,0,,,,1,0,0,,0,0,1,,,,,,,,,,,,
Guilty Gear,Strive,Let me carve your way,,https://downloads.khinsider.com/game-soundtracks/album/guilty-gear-strive-may-2024-xbox-one-gamerip-2021/10.%2520Let%2520Me%2520Crave%2520Your%2520Way.mp3,,https://audio.jukehost.co.uk/8s7dumqdHNXBjztXJU4VbbGzEbjxVbxB,5,6,0,0,,,,,1,,,,0,,,,1,,,,,,,,,
Hollow Knight,Hollow Knight,CrossRoads,,,,,5,6,0,0,,,,,1,,,,1,,,,,,0,,,,,,,
Hollow Knight,Hollow Knight,DirtMouth,,,,,5,6,0,0,,,,,1,,,,1,,,,,,0,,,,,,,
Hollow Knight,Hollow Knight,Enter Hallownest,,,,,5,6,0,0,,,,,1,,,,1,,,,,,0,,,,,,,
Hollow Knight,Hollow Knight,Greenpath,,,,,5,6,0,0,,,,,1,,,,1,,,,,,0,,,,,,,
Hollow Knight,Hollow Knight,Hollow Knight,,,,,5,6,0,0,,,,,1,,,,1,,,,,,0,,,,,,,
Hollow Knight,Hollow Knight,Queen's Gardens,,,,,5,6,0,0,,,,,1,,,,1,,,,,,0,,,,,,,
Hollow Knight,Hollow Knight,Radiance,,,,,5,6,0,0,,,,,1,,,,1,,,,,,0,,,,,,,
Hollow Knight,Hollow Knight,Sealed Vessel,,,,,5,6,0,0,,,,,1,,,,1,,,,,,0,,,,,,,
Hollow Knight,Hollow Knight,Sisters of Battle,,,,https://audio.jukehost.co.uk/IpjnbUHPs4WjS9Vmyjj8q3DzpB6oPHrM,9,6,0,0,0,,,0,1,1,1,,1,0,,,,,,,,,,,,
Hollow Knight,Hollow Knight,The Grimm Troupe,,,,https://audio.jukehost.co.uk/lhodRZM7zhPV5MLBPgZcUb5N39X29xO2,9,6,0,0,0,,,0,1,1,1,,1,0,,,,,,,,,,,,
Hollow Knight,Hollow Knight,White Palace,,,,,5,6,0,0,,,,,1,,,,1,,,,,,0,,,,,,,
Hollow Knight,Silksong ,Bonebottom,,https://downloads.khinsider.com/game-soundtracks/album/hollow-knight-silksong-2025/04.%2520Bone%2520Bottom.mp3,,https://audio.jukehost.co.uk/LvNRkE5Iqw4al3WZ1KqPu0DmVSqcoKbV,8,6,0,0,,,,0,1,1,,,0,0,,,,,,,,,,,1,
Horizon,Horizon Zero Dawn,Aloy's Theme,,,,https://audio.jukehost.co.uk/dKfgbJQjS0G7oOBeLAH6wKnCkt9ZMIsX,7,6,1,0,,,,0,1,0,,,,,,1,,,0,,,,,,,
Hotline Miami,Hotline Miami,Miami Disco,,https://downloads.khinsider.com/game-soundtracks/album/hotline-miami-music-collection-gamerip-2012/1-12.%2520Miami%2520Disco.mp3,,https://audio.jukehost.co.uk/BaZL7PdYUghpvPmXHlhksiw4jbOw7Tvk,8,6,0,0,,,,1,1,1,,0,0,0,,,,,,,,,,,,
Inscryption,Inscryption,The Trapper,,,,https://audio.jukehost.co.uk/I1ViwRJYsO4HmWXFJhu0rar13lEhBDtF,5,6,0,0,,,,,1,1,,,,,,,,,0,,,,,,,
Katamari Damacy,Katamari Damacy,Katamari on the Rocks,,,,https://nu.vgmtreasurechest.com/soundtracks/katamari-damacy-ps2-gamerip-2004/nbznkgyxzi/02%20-%20Yu%20Miyake%20%26%20Masayuki%20Tanaka%20-%20Katamari%20On%20The%20Rock%20%28Main%20Theme%29.mp3,8,6,0,0,,,,0,1,0,,,,,,0,,,1,,,,,,1,
Kingdom Hearts,Birth By Sleep,Fate of the Unknown,,,,https://audio.jukehost.co.uk/IRN9LUCFFuapG85ZmPYORLm8kqQZhtWd,5,6,0,0,,,,,1,,,,1,,,,,,0,,,,,,,
Kingdom Hearts,Birth By Sleep,Ventus,,,,https://audio.jukehost.co.uk/lMxsQGMpuhbMmaDs4r3HjEKfqIbvCUeC,5,6,0,0,,,,,1,,,,1,,,,,,0,,,,,,,
Kingdom Hearts,Dream Drop Distance,L'impeto Oscuro,,,,https://audio.jukehost.co.uk/IZiYTxUEX9aAiwIxygD3wn27iOO8xhep,5,6,0,0,,,,,1,,,,1,,,,,,0,,,,,,,
Kingdom Hearts,Dream Drop Distance,Link to All,,,,https://audio.jukehost.co.uk/VKsAxPVe8KXVbZnTWRkbAyTUGSDT4EVw,5,6,0,0,,,,,1,,,,1,,,,,,0,,,,,,,
Kingdom Hearts,KH,Forze Del Male,,,,https://audio.jukehost.co.uk/HQdvFjRad5f303XQSiTPMkhGvUjLA3rs,5,6,0,0,,,,,1,,,,1,,,,,,0,,,,,,,
Kingdom Hearts,KH,Kairi I,,,,https://audio.jukehost.co.uk/iqIEIhytoAOzl15OUvvDjdABrHsCKwnh,5,6,0,0,,,,,1,,,,1,,,,,,0,,,,,,,
Kingdom Hearts,KH II,Cavern of Remembrance,,https://downloads.khinsider.com/game-soundtracks/album/kingdom-hearts-ii-final-mix-gamerip/fm%2520-%2520Cavern%2520of%2520Remembrance.mp3,,https://vgmtreasurechest.com/soundtracks/kingdom-hearts-ii-final-mix-gamerip/cwdccftb/fm%20-%20Cavern%20of%20Remembrance.mp3,5,6,0,0,,,,,1,,,,1,,,,,,0,,,,,,,
Kingdom Hearts,KH II,Darkness of the Unknown,,,,https://audio.jukehost.co.uk/9LZKjNImse6S2NcgNBRGalR1DbjP2wB4,5,6,0,0,,,,,1,,,,1,,,,,,0,,,,,,,
Kingdom Hearts,KH II,Missing You,,,,https://audio.jukehost.co.uk/w2M0gsmGbnSMpJHOsG8qAKQ5JrJylwrX,5,6,0,0,,,,,1,,,,1,,,,,,0,,,,,,,
Kingdom Hearts,KH II,The 13th Struggle,,,,https://audio.jukehost.co.uk/5PoDes0LA46Xl7zxaaksYZJHyelkZube,7,6,0,0,,,,0,1,0,,,1,,,,1,,,,,,,,,
Kingdom Hearts,KH II,The Other Promise,,,,https://audio.jukehost.co.uk/j4MQNOMTdHnFBle6SSV4nSs2Bz6SWuhx,5,6,0,0,,,,,1,,,,1,,,,,,0,,,,,,,
Kingdom Hearts,KH III,Don't think twice (english),,,,https://nu.vgmtreasurechest.com/soundtracks/kingdom-hearts-iii-gamerip/poxwpjdm/003.%20Don%27t%20Think%20Twice%20%28English%29.mp3,5,6,0,0,,,,,1,,,,1,,,,,,0,,,,,,,
Kingdom Hearts,KH III,Face my fears,,,,https://audio.jukehost.co.uk/NFS1OfgtHqTnpWRSBWTlZ0VgfX9qIxD4,5,6,0,0,,,,,1,,,,1,,,,,,0,,,,,,,
Kingdom Hearts,KH III,Forza Finale,Oscurità di Xehanort,,,https://audio.jukehost.co.uk/jy7zpL2YwGJIiZhnPBKyN2bVJsvMwu0s,5,6,0,0,,,,,1,,,,1,,,,,,0,,,,,,,
Kingdom Hearts,Re:Chain of Memories,Lord of the Castle,,,,https://audio.jukehost.co.uk/Vun8E7fYghJyb5Hpr23vCfgb96WE1l1J,5,6,0,0,,,,,1,,,,1,,,,,,0,,,,,,,
Kingdom Hearts,Re:Chain of Memories,Naminé,,,,https://audio.jukehost.co.uk/dI9UQWkhlAp3V6QPUKbFTYRl4MoaYRPK,5,6,0,0,,,,,1,,,,1,,,,,,0,,,,,,,
League of Legends,League of Legends,Aphelios,,,,https://audio.jukehost.co.uk/2UTDpOspxHGAfL2vsZedpJk6fbcNDuHV,8,6,0,0,,,,0,0,1,,1,0,1,,,,,,,,,,,,
League of Legends,League of Legends,Elise,,,,https://audio.jukehost.co.uk/ZdlPN1ywtlNLT8SjGGFg88lApcHBG244,8,6,0,0,,,,0,0,1,,1,0,1,,,,,,,,,,,,
League of Legends,Teamfight tactics,Remix rumble,,,,https://audio.jukehost.co.uk/No9viqcZpfKJxejiIEdcSwohFPqaTMf2,5,6,1,0,,,,,1,,,,,,,0,,,0,,,,,,,
Mario Kart,Mario Kart Wii,Cap Koopa,,,,,7,6,1,0,0,,,0,1,,,,0,1,,,,,,,,,,,,
Mario Kart,Mario Kart Wii,Circuit Daisy,,,,,7,6,1,0,0,,,0,1,,,,0,1,,,,,,,,,,,,
Mario Kart,Mario Kart Wii,Opening,,,,,7,6,1,0,0,,,0,1,,,,0,1,,,,,,,,,,,,
Mario Kart,Mario Kart Wii,Options,,,,,7,6,1,0,0,,,0,1,,,,0,1,,,,,,,,,,,,
Mario Kart,Mario Kart Wii,Pic DK,,,,,7,6,1,0,0,,,0,1,,,,0,1,,,,,,,,,,,,
Mario Kart,Mario Kart Wii,Stade Waluigi,,,,,7,6,1,0,0,,,0,1,,,,0,1,,,,,,,,,,,,
Mario Kart,Mario Kart Wii,Usine Toad,,,,,7,6,1,0,0,,,0,1,,,,0,1,,,,,,,,,,,,
Mario Kart,Mario Kart Wii,Volcan Grondant,,,,,7,6,1,0,0,,,0,1,,,,0,1,,,,,,,,,,,,
Metal Gear,Rising : Revengeance,It has to be this way,,,,https://audio.jukehost.co.uk/yUDmSh9JUSQ0iMDwEalT6nnYrpohM50F,9,6,1,0,,,,0,1,1,,0,0,1,,,,,,0,,,,,,
Metaphor,Metaphor : ReFantazio,Traversing the Wastes,,,,https://audio.jukehost.co.uk/MWzbPvs4pjGy6PTdm7RpjByqSiPOUgtn,5,6,0,0,,,,,1,,,,,,,1,,,0,,,,,,,
Metaphor,Metaphor : ReFantazio,Warriors in Arms/Battle Theme,,,,https://audio.jukehost.co.uk/roqW7Ww6PsYYqTJamgrLOCEKX8MdxOID,5,6,1,0,,0,,,1,,,,0,,,,,,,,,,,,,
Metroid,Metroid Dread,Samus theme,,,,https://audio.jukehost.co.uk/czazP2cLB5CB26VIULxyOX97Fj0FwvwQ,5,6,0,0,,,,,1,1,,,,,,,,,0,,,,,,,
NieR,NieR Replicant,Kaine/Salvation,,,,https://audio.jukehost.co.uk/Og4MpAmfxs7A09MICEHI12LozH6QGPQD,7,6,0,0,0,,,,1,,,,0,,,1,1,,,,,,,,,
NieR,NieR Replicant,Song of the Ancients,,,,https://audio.jukehost.co.uk/2ccJLFomgf5fgcGiR5Cq9Bov7tL7m5f4,8,6,0,0,0,,,,1,,,,0,,,1,1,,,,,,,,0,
NieR,NieR Replicant/Gestalt,Grandma,,,,https://audio.jukehost.co.uk/VyPiiv8dSwSIPnENMalsSvJsNYxyFu8g,7,6,0,0,0,,,,1,,,,,,,1,1,,0,,,,,,,
NieR,NieR: Automata,A beautiful song,,,,https://audio.jukehost.co.uk/GSCV6rjGZMwzKjldKT120kD2L52lfwof,7,6,0,0,0,,,,1,,,,,,,1,1,,0,,,,,,,
NieR,NieR: Automata,Amusement Park,,,,https://audio.jukehost.co.uk/tg6V6j0c5LAdJqjELaCe9eRaBS9cVFwH,7,6,0,0,0,,,,1,,,,0,,,1,1,,,,,,,,,
NieR,NieR: Automata,City ruins (Ray of lights),,,,https://audio.jukehost.co.uk/iNNKfR26dWufjUdEJ9kpA3RXOxHGWOQ2,7,6,0,0,0,,,,1,,,,,,,1,1,,0,,,,,,,
NieR,NieR: Automata,Memories of dust,,,,https://audio.jukehost.co.uk/qzx4cOp7nVc0CO0t1efH04VJqibDu40u,7,6,0,0,0,,,,1,,,,,,,1,1,,0,,,,,,,
NieR,NieR: Automata,Weight of the world,The end of YoRHa,,,https://audio.jukehost.co.uk/YEIdQXRKI6YrY4yFyHfz4Un6EZK2G2kJ,8,6,0,0,0,,,,1,,,,,,,1,1,,0,0,,,,,,
Omori,Omori,A home for flowers (Daisy),,https://downloads.khinsider.com/game-soundtracks/album/omori-original-soundtrack-2020/158.%2520A%2520Home%2520For%2520Flowers%2520%2528Daisy%2529.mp3,,https://audio.jukehost.co.uk/Jf6j5B32OytImzHjHGGtubA2F1UlJcqk,5,6,0,1,,,,,1,0,,,0,,,,,,,,,,,,,
Omori,Omori,DUET,,https://downloads.khinsider.com/game-soundtracks/album/omori-original-soundtrack-2020/172.%2520DUET.mp3,,https://audio.jukehost.co.uk/780Zji4uJFLpi29B9WwScBItdY8lodmy,5,6,0,1,,,,,1,0,,,0,,,,,,,,,,,,,
Omori,Omori,Mari boss battle,,https://downloads.khinsider.com/game-soundtracks/album/omori-ps4-ps5-switch-switch-2-xbox-one-xbox-series-xs-gamerip-2022/1-033.%2520Boss%2520Mari.mp3,,https://audio.jukehost.co.uk/57bw1zMXfCmhp171fDiRZglQ07VrlRf4,5,6,0,1,,,,,1,,,,0,,,,,,0,,,,,,,
Omori,Omori,My time,,https://downloads.khinsider.com/game-soundtracks/album/omori-original-soundtrack-2020/178.%2520My%2520Time.mp3,,https://audio.jukehost.co.uk/zCVCTmOuBxs4xw5ZLjUMyThboT8L8P8I,5,6,0,1,,,,,1,0,,,0,,,,,,,,,,,,,
Omori,Omori,OMORI,,https://downloads.khinsider.com/game-soundtracks/album/omori-original-soundtrack-2020/168.%2520OMORI.mp3,,https://audio.jukehost.co.uk/dcA30yiFoxM0RqnNZYYxOZvagDbNrCYO,5,6,0,1,,,,,1,0,,,0,,,,,,,,,,,,,
Omori,Omori,World's end valentine,,https://downloads.khinsider.com/game-soundtracks/album/omori-original-soundtrack-2020/86.%2520World%2527s%2520End%2520Valentine.mp3,,https://audio.jukehost.co.uk/pkWtURuUqjjjrKzSJdh8CRmxxQWnvBA2,5,6,0,1,,,,,1,0,,,0,,,,,,,,,,,,,
Omori,Omori,You were wrong go back,,https://downloads.khinsider.com/game-soundtracks/album/omori-original-soundtrack-2020/40.%2520You%2520Were%2520Wrong.%2520Go%2520Back..mp3,,https://audio.jukehost.co.uk/lYbZdihVgn4Zpvt8WLrTgNOVRMJvjQTq,5,6,0,1,,,,,1,0,,,0,,,,,,,,,,,,,
One Piece,Unlimited Cruise,Selecting Character,,,,https://audio.jukehost.co.uk/t0wRIfa7UWjC0guV1SjhzxnM0geJ2fae,5,6,1,0,,,,,1,,,,0,,,,,,0,,,,,,,
One Piece,Unlimited Cruise,Team Battle,,,,https://audio.jukehost.co.uk/JIIG9Wdmway83faq523tdtcjxXNxoUJg,5,6,1,0,,,,,1,,,,0,,,,,,0,,,,,,,
One Piece,Unlimited Cruise,The Thousand Sunny,,,,https://audio.jukehost.co.uk/FZiP1HdWcnUTwEvdGsntzqBH4AEa64Oi,5,6,1,0,,,,,1,,,,0,,,,,,0,,,,,,,
One Piece,Unlimited Cruise,Title Menu,,,,https://audio.jukehost.co.uk/low7URjGbEoGWLJDjWD2a2z9ihruymP4,5,6,1,0,,,,,1,,,,0,,,,,,0,,,,,,,
One Piece,Unlimited Cruise 2,Main theme,,,,https://audio.jukehost.co.uk/X8phW3HdSs0tSbl7ygsNZjQIadqgxhoi,5,6,1,0,,,,,1,,,,0,,,,,,0,,,,,,,
Ori,Ori and the will of the wisps,Main theme,,https://downloads.khinsider.com/game-soundtracks/album/ori-and-the-will-of-the-wisps-2020/01%2520Main%2520Theme.mp3,,,5,6,0,0,,,,,1,,,,,,,,,,0,1,,,,,,
Ori,Ori and the will of the wisps,We named her Ku,,https://downloads.khinsider.com/game-soundtracks/album/ori-and-the-will-of-the-wisps-deluxe-edition-2024/01.%2520We%2520Named%2520Her%2520Ku%2520%2528Prologue%2520A%2529.mp3,,https://audio.jukehost.co.uk/UtllOMckjrs6vtM4ew70n342oKKKTAG9,5,6,0,0,,,,,1,1,,,,,,,,,0,,,,,,,
Payday,Payday 2,Master Plan,,,,,8,6,1,0,,,,,0,1,,,,,,0,,,1,,,,0,,0,
PepsiMan,Pepsi Man,Pepsi Man theme,,,,https://audio.jukehost.co.uk/hJRxmApNbKQCkaORsjWhYeOUjZJcZvEe,8,6,1,0,,,,,1,0,,,,,,0,1,,0,,,,,,0,
Persona,Persona 3,Burn My Dread,,,,https://audio.jukehost.co.uk/hLhTLkAvS1UiMoxtWeLpbaTlOFl5zhEJ,5,6,0,0,,,,,1,,,,,,,1,,,0,,,,,,,
Persona,Persona 3 Reload,Color Your Night,,https://downloads.khinsider.com/game-soundtracks/album/persona-3-reload-original-soundtrack-2024/1-16.%2520Color%2520Your%2520Night.mp3,,https://audio.jukehost.co.uk/6GGCKL9A6vJbJhvjpj4su1iIy29hTET7,9,6,1,0,,,,0,1,0,,0,0,,,1,1,,,,,,,,,
Persona,Persona 3 Reload,Full Moon Full Life,,https://downloads.khinsider.com/game-soundtracks/album/persona-3-reload-original-soundtrack-2024/1-01.%2520Full%2520Moon%2520Full%2520Life.mp3,,https://audio.jukehost.co.uk/JyEKioNKEOgikaEhXQRaRjp2CLPKVmNr,9,6,1,0,,,,0,1,0,,0,0,,,1,1,,,,,,,,,
Persona,Persona 3 Reload,It's Going Down Now,,https://downloads.khinsider.com/game-soundtracks/album/persona-3-reload-original-soundtrack-2024/1-30.%2520It%25E2%2580%2599s%2520Going%2520Down%2520Now.mp3,,https://audio.jukehost.co.uk/nX5iDsb9Cs3lgpa3fg7ZUWO8whcaeCCd,9,6,1,0,,,,0,1,0,,0,0,,,1,1,,,,,,,,,
Persona,Persona 4,A Corner of Memories,Glimpse of a Memory,,,,8,6,1,0,,,,0,1,0,,0,0,,,1,,,,,,,,,,
Persona,Persona 4,Pursuing My True Self,,,,https://audio.jukehost.co.uk/Djozqqs3cZwPKpckhGt7iy8F2WSSG23B,8,6,1,0,,,,0,1,0,,0,0,,,1,,,,,,,,,,
Persona,Persona 4,Signs of Love,,,,https://audio.jukehost.co.uk/7zHiY3yN9RNNdQ9xLquXnJi6EmDTHQXz,8,6,1,0,,,,0,1,0,,0,0,,,1,,,,,,,,,,
Persona,Persona 4,Your Affection,,,,https://audio.jukehost.co.uk/lx15NBmR4jaJDzU6dCo83Na48922avVo,8,6,1,0,,,,0,1,0,,0,0,,,1,,,,,,,,,,
Persona,Persona 4 Golden,Shadow World,,https://downloads.khinsider.com/game-soundtracks/album/persona-4-golden-the-complete-soundtrack/2-01.%2520Shadow%2520World.mp3,,https://audio.jukehost.co.uk/z8KOQTtMH2LwiKnVXNOiu0hDHvBGVeH8,5,6,0,0,,,,,1,,,,,,,1,,,0,,,,,,,
Persona,Persona 5,Last Surprise,,https://downloads.khinsider.com/game-soundtracks/album/persona-5-royal-the-complete-soundtrack/1-17.%2520Last%2520Surprise.mp3,,https://lambda.vgmtreasurechest.com/soundtracks/persona-5-royal-the-complete-soundtrack/lznrveie/1-17.%20Last%20Surprise.mp3,9,6,1,0,,,,0,1,0,,1,0,,,1,,,,0,,,,,,
Persona,Persona 5,The Whims of Fate,,https://downloads.khinsider.com/game-soundtracks/album/persona-5-royal-the-complete-soundtrack/3-10.%2520The%2520Whims%2520of%2520Fate.mp3,,https://audio.jukehost.co.uk/pPbefGC8MPNHP4Ce0M5O7b7VHkdfHYBa,5,6,1,0,,,,,0,,,,,,,1,,,0,,,,,,,
Persona,Persona 5 Royal,Gentle Madman,,https://downloads.khinsider.com/game-soundtracks/album/persona-5-royal-the-complete-soundtrack/5-03.%2520Gentle%2520Madman.mp3,,https://lambda.vgmtreasurechest.com/soundtracks/persona-5-royal-the-complete-soundtrack/kqzacmdg/5-03.%20Gentle%20Madman.mp3,5,6,0,0,,,,,1,,,,,,,1,,,0,,,,,,,
Persona,Persona 5 Royal,I Believe,,https://downloads.khinsider.com/game-soundtracks/album/persona-5-royal-the-complete-soundtrack/5-08.%2520I%2520believe.mp3,,https://audio.jukehost.co.uk/PzRwjxxII8mucMATKZprh26MidYBqWYm,7,6,0,0,,,,,1,,,,,,,1,,,0,0,,,,,1,
Plants vs Zombies,Plants vs Zombies,Zen Garden,,,,https://audio.jukehost.co.uk/bQtPhcFFoMdieJLe7CTsbwTb8mq9TB0S,5,6,1,1,,,,,0,0,,,0,,,,,,,,,,,,,
Pokemon,Gen 3 Remaster,Zinnia battle theme,,,,https://audio.jukehost.co.uk/YOH7qTmb8LDwIk1WJdhVmtvHaMB0dzyN,7,6,0,0,,,,0,1,0,,,1,,,,,,,,,,,,1,
Pokemon,Gen 5,Battle Trainer,Showdown,,,,5,6,1,0,,,,,1,,,,0,,,,,,0,,,,,,,
Pokemon,Gen 5,Rival Battle,,,,https://audio.jukehost.co.uk/vOyt7yQMaimM0u6qLvxOJLI1BgG7bt6u,5,6,1,0,,,,,1,,,,0,,,,,,0,,,,,,,
Pokemon,Legends Arceus,Origin form,Dialga/Palkia,,,https://audio.jukehost.co.uk/DyT81fbbmqYVXfZZAE0mGNKTCM9uUSKE,5,6,0,0,,,,,1,1,,,0,,,,,,,,,,,,,
Professor Layton,The Curious Village,Professor Layton theme,,,,https://audio.jukehost.co.uk/Z74BnrG9bTslBt9lQDzxQdXA3eFQwRW1,5,6,0,0,,,,,1,1,,,0,,,,,,,,,,,,,
Professor Layton,The Diabolical Box,Pandora's box theme,The Elysian Box Theme,,,https://audio.jukehost.co.uk/es8jFRxkAnYQF9EhVvyYNl3ppjT5G2mL,5,6,0,0,,,,,1,1,,,,,,,,,0,,,,,,,
Rayman,Legends,Castle Rock,,,,https://audio.jukehost.co.uk/yD5kIqHZ05BS86FdIldvWNyw2DxKYng9,5,6,0,1,,,,,1,,,,0,,,,,,0,,,,,,,
Rayman,Origins,Nowhere to run,,,,https://audio.jukehost.co.uk/Bqp32H9oNse0wVpSFnnbg2vNnUWkfZFZ,8,6,0,1,,,,,1,0,,,,,,1,,,0,,,,0,,0,
Rocket League,Rocket League,Glide,,,,https://audio.jukehost.co.uk/cYZGuIsyaIfV6vQyN8gh1FBa6Zdtsge1,9,6,1,0,1,,,1,0,0,,0,0,,,,,,,,,,,,1,
Sekiro,Sekiro,The one armed wolf,,,,https://audio.jukehost.co.uk/EJrCPM2lBE8dULGtGlNBZTiqtb9vABZG,8,6,0,0,,,,,1,1,,1,,,,0,,,,,,0,,,0,
Shin Megami Tensei,Shin megami Tensei 4 ,Battle B2,,,,https://audio.jukehost.co.uk/DJYCxiwOIe0fA995j1KsIl1D6pOw9TmT,8,6,0,0,,,,0,1,,,,0,,,0,1,,,,,,,,1,
Skylanders,Giants,Cutthroat Carnival,,,,https://audio.jukehost.co.uk/4VsiUEUxPeZzNBwClhZV41ksT15iexa1,8,6,1,0,,,,,1,0,,,,,,1,,,0,,,0,,,0,
Slime Rancher,Slime Rancher,Desert Firestorm,,,,https://audio.jukehost.co.uk/YyFRpKyFcxotuC5QGoLByOpFRvjWmb0V,5,6,0,0,,,,,0,1,,1,,,,,,,,,,,,,,
Sonic,Adventure 2,Escape From The City,,,,,5,6,1,0,,,,1,0,,,,,,,,,,0,,,,,,,
Sonic,Heroes,Sonic Heroes,,,,https://audio.jukehost.co.uk/Phgc42R5wcvvsp8phM70rQVb0rHgp5aV,5,6,0,0,,,,0,1,,,,1,,,,,,,,,,,,,
Sonic,Sonic The Hedgehog (Sonic 2006),His World,,,,https://audio.jukehost.co.uk/WD4aqkOePydRd9n7gROdUDvtH7lGe39Q,5,6,0,0,,,,1,1,,,,,,,,,,0,,,,,,,
Spider-man,Spider-man 2 : the game,Pizza,,,,https://audio.jukehost.co.uk/FlR1Lq1MXTcKKrqMdo6kKSiatVLw8P2Q,8,6,1,0,,,,,1,0,,,0,,,0,,,0,,,,,,1,
Super Mario,Super Mario Galaxy,Mission Select,,,,https://audio.jukehost.co.uk/mh0Mo8z6DZpD1HAi4E1Zul618LhsUdGr,5,6,1,1,,,,,0,,,0,,,,,,,0,,,,,,,
Super Mario,Super Mario Galaxy 2,Road to Bowser,,,,,5,6,1,1,,,,,0,,,0,,,,,,,0,,,,,,,
Super Smash Bros,Brawl,Battlefield,,,,https://audio.jukehost.co.uk/wkbt7TTEUxxbKCNMx6UCCZalV1xPZVik,9,6,1,0,,,,0,1,0,,0,0,,1,1,,,,,,,,,,
Super Smash Bros,Ultimate,Gangplank Galleon,,,,https://audio.jukehost.co.uk/sIA39N7BzD51ouVH6PFKnllyzSTQN4Dc,5,6,1,0,,,,,1,0,,,,,,,,,0,,,,,,,
Tetris,Tetris BPS,Technotris,,,,https://audio.jukehost.co.uk/R7C0oMp1vDhF61M55yGsCLzwqojOnQbE,8,6,0,0,1,,,,1,1,,,0,,0,0,,,,,,,,,,
The Binding of Isaac,Isaac,Sacrificial,Isaac,,,,5,6,1,0,,,,,0,1,,,,,,,,,0,,,,,,,
The Binding of Isaac,Rebirth ,Genesis 22-10,Isaac/Genesis,,,https://audio.jukehost.co.uk/vgPjPK8UfQssomSRbNBFnlkhVJigPYQs,11,6,1,0,0,,,0,1,1,1,0,0,0,,0,,,,,,,,,,
The Elder Scrolls,Skyrim,From past to present,,,,https://audio.jukehost.co.uk/ski3Hp0rRm6RpIkwbrazYGch0nhdo8TV,5,6,0,0,,,,,1,0,1,,,,,,,,,,,,,,,
The Elder Scrolls,Skyrim,The Streets of Whiterun,,,,https://audio.jukehost.co.uk/CynK1kudEZ7u8uzEamKUmeV9FlObUkc1,11,6,0,0,1,,1,0,0,0,1,1,0,,,,,,,,,,0,,,
Trove,Trove,Peaceful hub,,,,https://audio.jukehost.co.uk/9GDOaqVKWm4Q1UUY4opm7F7Eoul6SmfD,5,6,1,0,,,,,1,,,,0,,,,,,0,,,,,,,
Ultrakill,Ultrakill,Tenebre Rosso Sangue,,,,https://audio.jukehost.co.uk/75UQ5mhKTTWWPJO6kK8S2aJ9QoQHKpJP,5,6,0,0,,,,,1,,,,,,,0,,,1,,,,,,,
Uncharted,Uncharted 3,Nate's Theme,,,,https://audio.jukehost.co.uk/BNUeRwnvzPbODrlXCoUDVFhBWw9GkzVl,8,6,0,0,,,,,1,0,,1,0,,,1,,,,,,,,,0,
Valorant,Valorant,Die for you,,,,https://audio.jukehost.co.uk/YZeIdCFYhJc1Nez5Wl0Wa2I5LgfarNHy,5,6,0,0,,,,,1,1,,,0,,,,,,,,,,,,,
Valorant,Valorant,Ticking away,,,,,5,6,0,0,,,,,1,1,,,0,,,,,,,,,,,,,
Vampire Survivors,Vampire Survivors : Ode to Castlevania,Aquarius,Castlevania ?,,,https://audio.jukehost.co.uk/dViOchFPdNtAzazMWadkEqnbCMy47249,5,6,1,0,,,,,1,,,,,,,0,,,0,,,,,,,
Warcraft,HearthStone,Main theme,,,,https://audio.jukehost.co.uk/e7ubm0l9auLp04DAktt3bRdbmV8PVoSP,5,6,1,0,,,,,1,,,,,,,0,,,,0,,,,,,
Xenoblade Chronicles,Xenoblade Chronicles,Main Theme,,,,,5,6,0,0,,,,,1,,,,1,,,,,,0,,,,,,,
Xenoblade Chronicles,Xenoblade Chronicles 2,Counterattack,,,,,7,6,0,0,,,,,1,,,,1,,,,1,,0,,,,,,0,
Xenoblade Chronicles,Xenoblade Chronicles 2,Incoming,,,,https://audio.jukehost.co.uk/sZ8TysT6uP8UiWmBf39kP5QozA0ZRKkk,7,6,0,0,,,,,0,,,,1,,,,1,,0,,,,,,1,
YuGiOh,YGO Duel Link,World theme,,,,,5,6,0,0,,,,,1,0,,1,,,,,,,,,,,,,,
Zelda,Skyward Sword,Ballad of the goddess,,,,,9,6,0,0,1,,,0,1,1,,0,0,,1,,,,,,,,,,,
Zelda,Skyward Sword,Ballad of the goddess (harp),,,,,9,6,0,0,1,,,0,1,1,,0,0,,1,,,,,,,,,,,
Zelda,Skyward Sword,Fi's farewell,,,,https://audio.jukehost.co.uk/eJvKDWn6japUd6go0hLsOut08uesFWBS,9,6,0,0,1,,,0,1,1,,0,0,,1,,,,,,,,,,,
Zelda,Twilight Princess,Hidden Village,,,,https://audio.jukehost.co.uk/uVp8UGSRcy0d31Hepjvin1qPft2IdIet,7,6,0,0,1,,,,1,,,,0,,1,,,,0,,,,,,,
Zombie Tsunami,Zombie Tsunami,In Game,,,,,9,6,1,0,0,,,1,1,0,,1,0,,,,,,,0,,,,,,
Afterimage,Afterimage,Afterimage,,https://downloads.khinsider.com/game-soundtracks/album/afterimage-ps4-ps5-switch-windows-xbox-one-xbox-series-xs-gamerip-2023/04%2520Bgm%2520Login.mp3,,https://nu.vgmtreasurechest.com/soundtracks/afterimage-original-game-soundtrack-2023/knlquavz/01.%20Afterimage.mp3,6,7,0,0,,,, ,1,0,,1,,,,,,,0,,,,,,,
Age of Empire,Age of Empire 2,Theme Song,,,,https://audio.jukehost.co.uk/IR4NjlOF6bPdNH4Cm1sZSNlvluPghb8U,15,7,1,0,0,0,1,0,1,0,1,0,0,0,,0,0,,1,,,,,,,
Animal Crossing,Animal Crossing : New Leaf,5 P.M.,AC/ACNL,,,https://audio.jukehost.co.uk/XF3INZdawZSyPxB0gnb9enaYvdG9Ldky,11,7,1,1,0,,,0,0,0,,0,0,0,,1,0,,,,,,,,,
Animal Crossing,Animal Crossing : New Leaf,8 A.M.,AC/ACNL,,,https://audio.jukehost.co.uk/qQ7RD6jnDZmk3eASTzNcCoDsjjY8T3Jt,11,7,1,1,0,,,0,0,0,,0,0,0,,1,0,,,,,,,,,
Animal Crossing,Animal Crossing : New Leaf,I Paid Off My Loan!,AC/ACNL,,,https://audio.jukehost.co.uk/4MwKn9HKjAGYJZUeUNI91sNwYLfCW9jM,11,7,1,1,0,,,0,0,0,,0,0,0,,1,0,,,,,,,,,
ARK,ARK Survival Evolved,Main Theme,,,,,3,7,1,0,,,,,0,,,,,,,,,,,,,,,,,
Assassin's Creed,AC Odyssey ,The legend of the eagle bearer,,,,https://audio.jukehost.co.uk/7XSTGHP48pR3CjH23ws3OjONPiToHwOo,11,7,0,0,,,,0,1,1,,,0,0,,0,1,,,0,,0,,,,
Assassin's Creed,Assassin's Creed Unity,Unity,Main theme,,,https://audio.jukehost.co.uk/I3KP0tRDEs0XaPgnXK7y635pjLQWlo1C,10,7,0,0,,,,0,1,1,,,0,0,,0,1,,,,,,,,0,
Baldur's gate,Baldur's gate 3,Down by the river,,,,https://audio.jukehost.co.uk/wMspmALkj2p8mZQp4m7aZ6LtuqCybnIa,14,7,0,0,0,,,0,1,1,1,0,0,0,,1,0,,,,,,0,,0,
Bomb Rush Cyberfunk,Bomb Rush Cyberfunk,Big city life,,https://downloads.khinsider.com/game-soundtracks/album/bomb-rush-cyberfunk-soundtrack-2023/01.%2520Big%2520City%2520Life%2520ft%2520OV.mp3,,https://audio.jukehost.co.uk/yfiIUq1V9d0D5HAvHIMd1tK5w2JQF1Bd,6,7,0,0,,,,,1,,,,0,,,0,1,,,,,,,,,
Bomb Rush Cyberfunk,Bomb Rush Cyberfunk,Condensed Milk,,https://downloads.khinsider.com/game-soundtracks/album/bomb-rush-cyberfunk-soundtrack-2023/08.%2520Condensed%2520Milk.mp3,,https://audio.jukehost.co.uk/IsIWg1mgKKDg1NoK2cEpVWxIlyREJuRM,6,7,0,0,,,,,1,,,,0,,,0,1,,,,,,,,,
Bomb Rush Cyberfunk,Bomb Rush Cyberfunk,DA PEOPLE,,https://downloads.khinsider.com/game-soundtracks/album/bomb-rush-cyberfunk-soundtrack-2023/19.%2520DA%2520PEOPLE.mp3,,https://audio.jukehost.co.uk/IjY7spwowM6PTR9Obek7ZtlkJUIItArD,6,7,0,0,,,,,1,,,,0,,,0,1,,,,,,,,,
Bomb Rush Cyberfunk,Bomb Rush Cyberfunk,GET ENUF,,https://downloads.khinsider.com/game-soundtracks/album/bomb-rush-cyberfunk-soundtrack-2023/14.%2520GET%2520ENUF.mp3,,https://audio.jukehost.co.uk/n59olf6W5jPq68Qnxekoc9zK0QC7yeH5,6,7,0,0,,,,,1,,,,0,,,0,1,,,,,,,,,
Bomb Rush Cyberfunk,Bomb Rush Cyberfunk,In the pocket,Main menu,https://downloads.khinsider.com/game-soundtracks/album/bomb-rush-cyberfunk-soundtrack-2023/23.%2520In%2520The%2520Pocket.mp3,,https://audio.jukehost.co.uk/6fO0sLmU08SW8jJ7xMxD0NzhKAp11ih4,7,7,0,0,,,,,1,0,,,0,,,0,1,,,,,,,,,
Bomb Rush Cyberfunk,Bomb Rush Cyberfunk,JACK DA FUNK,,https://downloads.khinsider.com/game-soundtracks/album/bomb-rush-cyberfunk-soundtrack-2023/11.%2520JACK%2520DA%2520FUNK.mp3,,https://audio.jukehost.co.uk/qfwjuEW1rtL8fH0HrA9tx03T9c3oRw0D,7,7,0,0,,,,,1,0,,,0,,,0,1,,,,,,,,,
Castlevania,Aria of Sorrow,Heart of fire,Don't Wait Until Night,,,https://audio.jukehost.co.uk/4mNlhEuaZHdhY4mlt4r7LyFb5oZNHvYv,6,7,0,0,0,,,,1,,,,0,,,,1,,,,,,,,,
Castlevania,Dawn of Sorrow,Dracula's Tears,,,,https://audio.jukehost.co.uk/Jtgmfkxz1DJiVmmqGgitCmUeIXV1SK0h,6,7,0,0,0,,,,1,,,,0,,,,1,,,,,,,,,
Castlevania,Dawn of Sorrow,Into the dark Night,,,,https://audio.jukehost.co.uk/fbeBhjyE7E9ArXC97EulqphapUxSyxUX,6,7,0,0,0,,,,1,,,,,,,,1,,0,,,,,,,
Castlevania,Dawn of Sorrow,Pitch black intrusion,,,,https://audio.jukehost.co.uk/Ax2rX8EznbL8Teu6Bs7Jpn0bSv7Ydvym,6,7,0,0,0,,,,1,,,,0,,,,1,,,,,,,,,
Castlevania,Lament of Innocence,Leon's theme,,,,https://audio.jukehost.co.uk/XF0JsifFKSJPtf3xrK0vUqzN2zxVqdlx,6,7,1,0,0,,,,1,,,,,,,0,,,0,,,,,,,
Castlevania,Order of Ecclesia,An empty tome,,,,https://audio.jukehost.co.uk/fPBFSmkDKj8BhflldbmPhRTyS39CzoKa,6,7,0,0,0,,,,1,,,,0,,,,1,,,,,,,,,
Castlevania,Order of Ecclesia,Lament to the master,,,,https://audio.jukehost.co.uk/L6MMMYUtYo2ldeQM1QG16cXAevZ1cVRf,6,7,0,0,0,,,,1,,,,0,,,,1,,,,,,,,,
Castlevania,Order of Ecclesia,Prologue,,,,https://audio.jukehost.co.uk/6P7iXfvqxCsHtXLlGAXfhvWFY15VTLvi,6,7,0,0,0,,,,1,,,,,,,,1,,0,,,,,,,
Castlevania,Order of Ecclesia,Rhapsody of the Forsaken,,,,https://audio.jukehost.co.uk/AiuhC5JFrPZWPrWFYxq4PCkvDK081v9p,6,7,0,0,0,,,,1,,,,,,,,1,,0,,,,,,,
Castlevania,Order of Ecclesia,Tower of dolls,,,,https://audio.jukehost.co.uk/xYVfcYxnZZRwqa30ILiaY3Y25cCIZybO,6,7,0,0,0,,,,1,,,,,,,,1,,0,,,,,,,
Castlevania,Portrait of Ruin,Gaze up at the darkness,,,,https://audio.jukehost.co.uk/ILiVfq68K5WNMnjwS9RQFIbkCGS5dmUb,6,7,0,0,0,,,,1,,,,,,,,1,,0,,,,,,,
Castlevania,Portrait of Ruin,Hail from the past,,,,https://audio.jukehost.co.uk/NxHv8IJSR8e27YnA4W6MIjApfWifpGHb,6,7,0,0,0,,,,1,,,,,,,,1,,0,,,,,,,
Castlevania,Portrait of Ruin,Invitation of a Crazed Moon,,,,https://audio.jukehost.co.uk/S1FabQ3D7C1QY1TKC2oCBx2AOqsMQzWn,6,7,0,0,0,,,,1,,,,,,,,1,,0,,,,,,,
Castlevania,Portrait of Ruin,Iron blue intention,,,,https://audio.jukehost.co.uk/R7GnXbqVfRU1IFY7SjCe4wK2P6oK3oSs,6,7,0,0,0,,,,1,,,,,,,,1,,0,,,,,,,
Counter Strike,CS:GO,Main Menu,,,,,9,7,1,0,,0,,1,1,0,,,0,0,,,0,,,,,,,,,
Crypt of the NecroDancer,Crypt of the NecroDancer,Disco Descent,,,,,6,7,0,0,,,,,1,0,,,0,,,,,,1,,,,,,,
CyberPunk 2077,Cyberpunk 2077,WHO'S READY FOR TOMORROW,,,,,13,7,0,0,0,0,,1,1,1,1,0,0,0,,,0,,,,,,,,0,
Dark Souls,Dark Souls,Dark Sun Gwyndolin,,,,https://audio.jukehost.co.uk/Pj3asao1cYG7RMO6VAk6EXtJUPgflPKQ,11,7,0,0,,,,0,1,0,,1,0,0,,,1,,0,,,,,,0,
Dark Souls,Dark Souls 3,Nameless King,,,,https://audio.jukehost.co.uk/3H1WlkhLEz2BwNPMMMrIkR9kiM1hnqWW,9,7,0,0,,,,0,1,0,,1,0,0,,,1,,,,,,,,,
Dark Souls,Dark Souls 3,Sister Friede,,https://downloads.khinsider.com/game-soundtracks/album/dark-souls-iii-soundtracks/2-10%2520Sister%2520Friede%2520and%2520Father%2520Ariandel.mp3,,https://vgmtreasurechest.com/soundtracks/dark-souls-iii-soundtracks/jhitvwui/2-10%20Sister%20Friede%20and%20Father%20Ariandel.mp3,10,7,0,0,,,,0,1,0,,1,0,0,,,1,,,0,,,,,,
Darkest Dungeon,Darkest Dungeon 1,Mournweald Encounter,,,,https://audio.jukehost.co.uk/DIxuZ8oTMMfoiaDJO1bQVmyWWtaooZzX,14,7,1,1,0,,,0,0,0,1,0,0,0,,0,0,,,,,,0,,1,
Death's door,Death's door,Avarice,,https://downloads.khinsider.com/game-soundtracks/album/death-s-door-2021-pc-switch-gamerip/Avarice%2520Crow%2520Land%2520%257Bm%257D.mp3,,https://jetta.vgmtreasurechest.com/soundtracks/death-s-door-2021-pc-switch-gamerip/xgmrwklz/Avarice%20Crow%20Land%20%7Bm%7D.mp3,11,7,1,0,0,,,0,1,0,,0,1,0,,,0,,,,,,,,0,
Death's door,Death's door,Main theme,,,,https://audio.jukehost.co.uk/7rBmB1wbvxrl9bNg5ewwJrsb74WdtNhO,12,7,0,0,,,,0,1,0,,0,1,0,,1,0,,,1,,,,,0,
Deep Town,Deep Town,Nuclear,,,,,3,7,,0,,,,,0,,,,,,,1,,,,,,,,,,
Deep Town,Deep Town,Routine,,,,,3,7,,0,,,,,0,,,,,,,1,,,,,,,,,,
Devil May Cry,DMC5,Bury the light,,,,https://audio.jukehost.co.uk/e7vjXiCSHc9XfFBwFjXmzTfl1BAGGdzq,10,7,0,0,,,,0,1,0,,0,1,0,,,1,,,,,,,,0,
Dishonored,Dishonored 2,Main theme,,https://downloads.khinsider.com/game-soundtracks/album/dishonored-2-original-soundtrack-deluxe-edition-2017/01.%2520Dishonored%25202%2520Main%2520Theme.mp3,,https://audio.jukehost.co.uk/EnxpzLvZxX4qx2GdNNNAITrMy2IdFrMg,9,7,0,1,,,,,1,0,,1,0,0,,,0,,,,,,,,0,
Don't Starve,Don't Starve Together,Autumn Work,DST,,,,3,7,1,0,,,,,0,,,,,,,,,,,,,,,,,
Don't Starve,Don't Starve Together,Danger,DST,,,,3,7,1,0,,,,,0,,,,,,,,,,,,,,,,,
Don't Starve,Don't Starve Together,Title Theme,DST,,,,3,7,1,0,,,,,0,,,,,,,,,,,,,,,,,
Doom,Doom 2,Running from evil,,,,https://audio.jukehost.co.uk/yx9LZpuaVLahYuuNpOpilL2iSkCOkP1s,13,7,0,1,1,,,0,1,0,1,0,0,0,,0,0,,,,,,,,0,
Elden Ring,Elden Ring,Mohg Lord of Blood,,,,https://audio.jukehost.co.uk/4Vn3BsMIFlWoTpbGif1A5B35KuGjyYbw,9,7,1,0,0,0,,,1,0,,,0,0,,,1,,,,,,,,,
Elden Ring,Elden Ring,Opening (La fin est connu),,,,https://audio.jukehost.co.uk/qj5m7p0l8kTJFQ94rmiRlbj8ftjgWsyB,9,7,1,0,0,0,,,1,0,,,0,0,,,1,,,,,,,,,
F-Zero,F-Zero,Port Town,,,,https://audio.jukehost.co.uk/dHtrgq77ZgeDqwIzitXdt3PdQuZhhUNi,10,7,0,0,,,,0,1,0,,,0,0,,0,1,,,,,,,,1,
Fantasy Life,Fantasy Life,Castel,,,,https://audio.jukehost.co.uk/KMdg997yw0QKwPvRHBccWcYuA87oTEBk,13,7,1,1,0,1,,0,0,0,,0,0,0,,1,0,,,,,,,,0,
Fear and hunger,Fear and hunger,Fear and hunger,,,,https://audio.jukehost.co.uk/E5Jf2fAApdQT1TnqBMQ0OzFNmJcQaTSh,11,7,1,0,,0,,,1,0,,,1,0,,0,0,,,0,,,,,0,
Final Fantasy,Final Fantasy IV,Battle 2,,,,,6,7,0,0,,,,,0,,,1,1,,,,,,0,,,,,,,
Furi,Furi,Wisdom of Rage,,,,https://audio.jukehost.co.uk/py4I0YvEuKQvFjqNTgkPC3nqeV3Ke5xq,9,7,0,0,,,,,1,0,,,0,,,,,,1,,,1,,,0,0
Genshin impact,Genshin impact,La vaguelette,,,,https://audio.jukehost.co.uk/TeuFcWH5b97JfXPMfDSXASC3qNLi6ru9,10,7,0,1,0,,,0,0,0,,1,1,0,,0,,,,,,,,,,
Gris,Gris,Chiasm,,https://downloads.khinsider.com/game-soundtracks/album/gris-original-soundtrack/06.%2520Chiasm.mp3,,https://audio.jukehost.co.uk/BWpDlUTWATAQmJjhtRdQ802pKbc1PtuB,6,7,0,0,1,,,,1,,,,0,,,,,,0,,,,,,,
Guilty Gear,Strive,Smell of the Game,,https://downloads.khinsider.com/game-soundtracks/album/guilty-gear-strive-may-2024-xbox-one-gamerip-2021/01.%2520Smell%2520of%2520the%2520Game.mp3,,https://audio.jukehost.co.uk/eJ6DL1R18BrtIdyvYqK0MoIlbnti6H0g,6,7,0,0,,,,,1,,,0,0,,,,1,,,,,,,,,
Guilty Gear,Strive,The Roar of the Spark,,https://downloads.khinsider.com/game-soundtracks/album/guilty-gear-strive-may-2024-xbox-one-gamerip-2021/03.%2520The%2520Roar%2520of%2520the%2520Spark.mp3,,https://audio.jukehost.co.uk/BTIa33AGMmbWY2AqfOQqnm7FWU1LYbvc,7,7,0,0,,,,,1,,,,0,,,,1,,,0,,,,,0,
Hades,Hades 2,Doomed city,,,,https://audio.jukehost.co.uk/IfzO3P0UXf2oSvB7C1jVsulKe4aGL8Mg,9,7,0,1,,,,0,1,1,,0,0,0,,0,,,,,,,,,,
Helltaker,Helltaker,Vitality,,,,https://audio.jukehost.co.uk/bmWQwMcfXFTmBF4JjF43IPWjhFsD4JLj,6,7,0,0,,,,,1,,,,0,,,0,,,1,,,,,,,
Hotline Miami,Hotline Miami,Crystals,,https://downloads.khinsider.com/game-soundtracks/album/hotline-miami-music-collection-gamerip-2012/1-09.%2520Crystals.mp3,,,10,7,0,0,,,,1,1,0,,0,0,0,,,,,,,,1,,,0,
Hunt Showdown,Hunt Showdown,Rise up dead man,,,,https://audio.jukehost.co.uk/otUGRBSwUGT8BpBwcTuxpg2Zf6TNdHFv,7,7,1,0,,,,,1,0,,,,,,,,,0,0,,,,,0,
Kingdom Hearts,KH,Go for It,,,,https://audio.jukehost.co.uk/ShucIcM6Zmi39chV7fxV9AwMy5fRQPKK,6,7,0,0,,,,,1,0,,,1,,,,,,0,,,,,,,
Kingdom Hearts,KH,Traverse Town,,,,https://audio.jukehost.co.uk/3FbOnfRs94DVdJ64npeagGh7AOKSJWJi,6,7,0,0,,,,,1,0,,,1,0,,,,,,,,,,,,
Kingdom Hearts,KH II,The Afternoon Streets,,,,https://audio.jukehost.co.uk/BuKzuw8YLGpQQrHFmG4nVIz6Aku5XzLz,6,7,0,0,,,,,1,0,,,1,0,,,,,,,,,,,,
Kirby,Kirby et le Monde Oublié,Running through the New World,,,,,9,7,0,0,,,,1,1,0,,0,0,1,0,,,,,,,,,,,
LEGO,LEGO Battles,Main theme,,,,,3,7,,0,,,,,0,,,,,,,1,,,,,,,,,,
LEGO,LEGO Battles Ninjago,Main theme 01,,,,,3,7,,0,,,,,0,,,,,,,1,,,,,,,,,,
Mario et Luigi,Les frères du temps,Title,,,,,11,7,0,0,1,,,0,0,0,,1,0,1,,,,,,,,,,,0,0
Mario Kart,Mario Kart 8 Deluxe,Shy Guy Falls,,,,https://audio.jukehost.co.uk/5zxPWMcwklDx5JP5NrDRA54QctVpUpSq,7,7,1,0,,,,0,0,0,,,0,1,,,,,,,,,,,,
Metaphor,Metaphor : ReFantazio,Prelude to a Heroic Tale,,,,https://audio.jukehost.co.uk/FkRy1wCokMG1YglllTtbewjgOWpziy6u,10,7,1,0,0,0,,0,1,0,1,,0,,,,,,,,,,,,0,
Middle Earth,Shadow of war,Main menu,,,,https://audio.jukehost.co.uk/TYpuxYKIplvvG1TuqMGm1wypj3G4mABy,10,7,0,0,0,,,0,1,1,,1,0,,,0,,,,,,,,,0,
Monster Hunter,Monster Hunter 4 Ultimate,Proof of a Hero,,,,https://audio.jukehost.co.uk/8FPWW0H6YvxElQqmgMLgdjrbNhWutVgD,11,7,1,0,0,0,,0,1,0,1,0,0,,,,,,,,,,,,0,
Monster Hunter,Monster Hunter Rise Sunbreak,Vasltraxx theme,,,,https://audio.jukehost.co.uk/AFpcVsDcBK9q6fD1JVycDX5oDtRH3p8H,11,7,1,0,0,0,,0,1,0,1,0,0,,,,,,,,,0,,,,
Monster Hunter,Monster Hunter Tri,Main Theme,,,,https://audio.jukehost.co.uk/f4w3qBt8MHAUAG9lWLKkABKqclYI0qcv,10,7,1,0,0,0,,0,1,0,1,0,0,,,,,,,,,,,,,
Monster Hunter,Monster Hunter World,Bazelgeuse,,,,,3,7,1,0,,,,,0,,,,,,,,,,,,,,,,,
NieR,NieR: Re[in]carantion,Inori,Prayers,,,https://www.youtube.com/watch?v=wuA_ReL_YlU,3,7,,,0,,,,0,,,,,,,1,,,,,,,,,,
NieR,NieR: Re[in]carantion,Kizuna,Bonds,,,https://www.youtube.com/watch?v=S4LyHdlN9_o,3,7,,,0,,,,0,,,,,,,1,,,,,,,,,,
Okami,Okami,Rising Sun,,,,,6,7,0,0,,,,,1,,,,0,,,,1,,,0,,,,,,
Ori,Ori and the blind forest,Main theme,,,,https://audio.jukehost.co.uk/mteNTqRWU9upbVyYQFw91jalPEsYCmqS,6,7,0,0,,,,,1,0,,,1,,,,,,0,,,,,,,
Palworld,Palworld,The Beginning,,,,https://vgmtreasurechest.com/soundtracks/palworld-2024/pylunpmrds/01.%20The%20Beginning.mp3,3,7,1,0,,,,,0,,,,,,,,,,,,,,,,,
Papers Please,Papers Please,Main Theme,Glory to Arstotzka,,,,9,7,0,0,,,,1,0,1,,0,0,,,1,,,,,,,,,0,
Persona,Persona 3 Reload,tartarus_0d01,,,,https://nu.vgmtreasurechest.com/soundtracks/persona-3-reload-ps4-ps5-windows-xbox-one-xbox-series-xs-gamerip-2024/konycrck/44.%20tartarus_0d01.mp3,3,7,,0,,,,,0,,,,,,,1,,,,,,,,,,
Persona,Persona 3 Reload,The Meaning of Armbands,,https://downloads.khinsider.com/game-soundtracks/album/persona-3-reload-original-soundtrack-2024/1-20.%2520The%2520Meaning%2520of%2520Armbands.mp3,,,3,7,,0,,,,,0,,,,,,,1,,,,,,,,,,
Persona,Persona 5 Royal,Take Over,,https://downloads.khinsider.com/game-soundtracks/album/persona-5-royal-the-complete-soundtrack/4-03.%2520Take%2520Over.mp3,,https://lambda.vgmtreasurechest.com/soundtracks/persona-5-royal-the-complete-soundtrack/jslaxiys/4-03.%20Take%20Over.mp3,6,7,0,0,,,,,1,,,,,,,1,,,0,0,,,,,,
Persona,Persona 5 Tactica,Revolution in your Heart,,,,,3,7,,0,,,,,0,,,,,,,1,,,,,,,,,,
Pizza tower,Pizza tower,Pizza time,,,,https://audio.jukehost.co.uk/1NUvY9wCztH541AfqILpxLA365FmxtEU,7,7,0,0,,,,,1,1,,,0,,,,,,0,,,,,,0,
Plants vs Zombies,Plants vs Zombies,Choose Your Seeds,,,,https://audio.jukehost.co.uk/r8zrvh6xTLhXYa61mYEbvTNahzmrFOqt,6,7,1,1,,,,,0,0,,,0,,,,,,0,,,,,,,
Pokemon,Gen 2 Remaster,Goldenrod City/Doublonville,,,,https://audio.jukehost.co.uk/iUsOjrJ9IPrv8VK7fpAHuutctZBMeiLp,7,7,1,0,,1,,0,0,0,,,0,,,,,,,,,,,,,
Pokemon,Gen 3,Abandoned Ship,,,,https://audio.jukehost.co.uk/Y2p0kMyOIeRADX4o1X8bq2AOFoYcsMnT,6,7,1,0,,,,0,0,1,,,0,,,,,,,,,,,,,
Pokemon,Gen 7,Route 1,,,,https://audio.jukehost.co.uk/PyWgaT3ITqd5lWq7PnktSeNafzpQZlku,6,7,1,0,,,,1,0,0,,,0,,,,,,,,,,,,,
Pokemon,Gen 8,Marnie,,,,https://audio.jukehost.co.uk/txLXQK9MCsZdrcOy9Zu7WEcYnU8LUj8z,7,7,0,0,,,,0,1,0,,0,1,,,,,,,,,,,,,
Portal,Portal 2,Reconstructing More Science,,,,https://audio.jukehost.co.uk/a37kA1BSebVHcxKhOyqQndc2XoxdaJxA,10,7,0,0,1,,,0,1,1,,0,0,,,0,,,,,,,,,0,
Rayman,Origins,Chasing a dream,,,,https://audio.jukehost.co.uk/djOiGXOwh9tbV9KSDdO06x3H9rqpiRKI,6,7,0,1,,,,,1,,,,,,,0,,,0,,,,0,,,
Resident Evil,RE6,The mercenaries theme,,,,https://audio.jukehost.co.uk/Xp0CGnyYf4zC0n6PtOnfhq11MkntQCy1,7,7,0,0,,,,0,1,0,,,0,,,,,,,,,,,,1,
Silent Hill,Silent Hill 2,Promise (reprise),,https://downloads.khinsider.com/game-soundtracks/album/silent-hill-2-original-video-game-soundtrack-vinyl/06.%2520Promise%2520%2528Reprise%2529.mp3,,https://nu.vgmtreasurechest.com/soundtracks/silent-hill-2-original-video-game-soundtrack-vinyl/cykgahjy/06.%20Promise%20%28Reprise%29.mp3,7,7,0,0,,,,,1,0,,,,,,,,,0,,,,0,,1,
Sonic,Colors,Planet wisp (act 1),,,,https://audio.jukehost.co.uk/G1oi1FexgsGztxCvRJFKu6sQ3ONxbye0,6,7,0,0,,,,1,0,,,,0,,,,1,,,,,,,,,
Sonic,Colors,Tropical Resort Act 1,,,,,7,7,0,0,,,,1,1,0,,0,0,,,,,,,,,,,,,
Sonic,Generations,Crisis City : Act 1,,,,https://audio.jukehost.co.uk/Xv5V7w2sT2fqiqoLacoYLEBozqZXwMJG,6,7,1,0,,,,1,0,,,,0,,,0,,,,,,,,,,
Sonic,Generations,vs Metal sonic ,,,,https://audio.jukehost.co.uk/6Dm9sB1jlHLzeAJtaGtJX0KyaGHErz7N,6,7,0,0,,,,1,0,,,,0,,,,1,,,,,,,,,
Sonic,Generations,White World - Green Hill,,,,,7,7,0,0,,,,1,1,0,,0,0,,,,,,,,,,,,,
Sonic,Heroes,What i'm made of,,,,https://audio.jukehost.co.uk/je19Of4kQeKw5X2fPXCRLblu9xSEDDxR,6,7,0,0,,,,0,1,,,,0,,,,1,,,,,,,,,
Sonic,Mania,Prime Time,,,,,7,7,0,0,,,,1,0,0,,0,1,,,,,,,,,,,,,
Sonic,Sonic The Hedgehog (Sonic 2006),Solaris Phase 2 ,,,,https://audio.jukehost.co.uk/zWfVFkzPtY6sKI0NVdYZLoPDVzwT8ofp,6,7,0,0,,,,1,0,,,,0,,,,1,,,,,,,,,
Stellar Blade,Stellar Blade,Democrawler,,,,https://audio.jukehost.co.uk/7PX07cVCk2Rp4OiLAK2a6ic15zMgWPIi,6,7,0,0,,,,,0,,,1,0,,,1,,,,,,,,,,
Stellar Blade,Stellar Blade,Silent Street (Type A),,,,https://audio.jukehost.co.uk/ESOfBomP0pyLnhkAG48jobnlaWlryAd2,7,7,0,0,,,,,0,0,,1,0,,,1,,,,,,,,,,
Stellar Blade,Stellar Blade,The Song of the Sirens,,,,https://audio.jukehost.co.uk/hAjsHJOEir4XqDfpAZD5Q9knTMerJQLj,6,7,0,0,,,,,0,,,1,0,,,1,,,,,,,,,,
Subnautica,Subnautica,Abandon Ship,,,,https://audio.jukehost.co.uk/57MorTbbVgbmHC15d6p2RuLYIvjblT44,10,7,0,0,0,,,1,1,0,,0,0,,1,,,,,,,,,,0,
Symphony of War,Symphony of War,Main Theme,,,,https://audio.jukehost.co.uk/QcUZK2vnGWL9k2PhqEEUVhpPLIIJQRRK,7,7,0,0,,,,,0,0,,1,,,,,,,0,,,,,,1,
Terraria,Terraria Calamity Mod,Roar of the Jungle Dragon,,,,https://audio.jukehost.co.uk/2F5LT2bQ69FX8czAiCKsLchUzjMctNwU,3,7,0,0,,,,,1,,,,,,,,,,,,,,,,,
The Last of Us,The Last of US,Main theme,,,,https://audio.jukehost.co.uk/utTUyMikTYQkDTNkkf426rpnyTuep3J3,9,7,0,1,,,,,1,0,,1,0,,,,,,0,,,,0,,0,
The Messenger,The Messenger,Civilization in the sky,Cloud Ruins (Future),https://downloads.khinsider.com/game-soundtracks/album/the-messenger-disc-ii-the-future-2018/12%2520Civilization%2520in%2520the%2520Sky%2520%2528Cloud%2520Ruins%2529.mp3,,https://audio.jukehost.co.uk/mpDceaFlnoZ8WyrAR1IUasFEmLi2QQdZ,6,7,0,0,,,,,1,,,1,0,,,,,,0,,,,,,,
The Messenger,The Messenger,Forgotten,Forlorn Temple (Past),https://downloads.khinsider.com/game-soundtracks/album/the-messenger-disc-i-the-past-2018/05%2520Forgotten%2520%2528Forlorn%2520Temple%2529.mp3,,https://audio.jukehost.co.uk/d8aTcOCG6f3R7MnDkV4BZUUldeIAKb62,6,7,0,0,,,,,1,,,1,0,,,,,,0,,,,,,,
The Messenger,The Messenger,Phantom's Legacy,Final Boss (Future),https://downloads.khinsider.com/game-soundtracks/album/the-messenger-disc-ii-the-future-2018/29%2520Phantom%2527s%2520Legacy%2520%2528Final%2520Boss%2529.mp3,,https://audio.jukehost.co.uk/YM5LTU3LHGBEqILvZmBVyG1byKWT0ss4,6,7,0,0,,,,,1,,,1,0,,,,,,0,,,,,,,
The Messenger,The Messenger,The Arcane Golem,,https://downloads.khinsider.com/game-soundtracks/album/the-messenger-disc-i-the-past-2018/16%2520The%2520Arcane%2520Golem.mp3,,https://audio.jukehost.co.uk/HypI4WrzODBJwNF24m9QkVOxQsLWbGi7,6,7,0,0,,,,,1,,,1,0,,,,,,0,,,,,,,
The Messenger,The Messenger,The frozen dark,Glacial Peak (Future),https://downloads.khinsider.com/game-soundtracks/album/the-messenger-disc-ii-the-future-2018/09%2520The%2520Frozen%2520Dark%2520%2528Glacial%2520Peak%2529.mp3,,https://audio.jukehost.co.uk/lsRDwLIzXKQq52BT7s0B20HWmo2U2gqs,6,7,0,0,,,,,1,,,1,0,,,,,,0,,,,,,,
The Witcher,The Witcher 3,Silver for monsters,,,,https://audio.jukehost.co.uk/GvbO5cBZKyFo42CWqAEcvmjERxs2GQ53,6,7,0,0,,,,,1,,,,1,,,0,,,0,,,,,,,
Titanfall,Titanfall 2,BT-7274,,,,https://audio.jukehost.co.uk/ZiYRxWbkR5rTmlgAH9CqQRHX5fdLzHGE,3,7,0,0,,,,,1,,,,,,,,,,,,,,,,,
Undertale,Undertale Yellow,A mother's love,,,,,3,7,0,0,,,,,1,,,,,,,,,,,,,,,,,
VA-11 HALL-1,VA-11 HALL-1,Every Day is Night,,,,https://audio.jukehost.co.uk/RXNslWkbKrzvyw4tBJ7u4VFAB2JHoox0,3,7,0,0,,,,,1,,,,,,,,,,,,,,,,,
VVVVVV,VVVVVV,Positive Force,,,,,9,7,0,1,1,,,0,1,0,,0,0,,,,,,,,,,,,0,
Warioware,Smooth Moves,Main Menu,,,,,3,7,1,0,,,,,0,,,,,,,,,,,,,,,,,
Xenoblade Chronicles,Xenoblade Chronicles,Colony 9 (day),,,,,3,7,0,0,,,,,1,,,,,,,,,,,,,,,,,
Xenoblade Chronicles,Xenoblade Chronicles,You will know our names,,,,https://audio.jukehost.co.uk/73FLsrvJStf4gAxOL2iS20fhLC50yJFm,9,7,0,0,0,,,0,1,0,1,0,1,,,,,,,,,,,,,
YuGiOh,YGO Master Duel,Main Theme,,,,,7,7,0,0,,,,,1,0,,1,0,,,,,,,0,,,,,,
Zelda,Breath of the wild,Attack on Vah'Naboris,,,,https://audio.jukehost.co.uk/C4cxIUWPl1uINF0qqb85xe8qClNsbNEf,7,7,0,0,1,,,,1,,,,0,,,,,,0,0,,,,,,
Zelda,Breath of the wild,Attack on Vah'Ruta,,,,https://audio.jukehost.co.uk/NrQIENaiELeEJlaWGIMGnLrNZ6N68N1d,6,7,0,0,1,,,,1,,,,0,,,,,,0,,,,,,,
Zelda,Echoes of wisdom,Ganon battle,,,,https://audio.jukehost.co.uk/wrypfoMqQdb1YAiKp3Y3mCykG6LZ4JCe,7,7,0,0,,,,,1,1,,,0,,0,,,,,,,,,,0,
Zelda,Hyrule Warriors,Molgera,,,,https://audio.jukehost.co.uk/acryNPc1ocLu2oMAhq50ij9C7G1cuqef,6,7,0,0,,,,0,1,,,,0,,1,,,,,,,,,,,
Zelda,Link's Awakening 2019,Ballad of the wind fish,,,,https://audio.jukehost.co.uk/zwDQXXimu7w7wDxUwonf8IKLMBT3txIp,9,7,0,0,1,,,0,1,0,1,0,0,,,,,,,,,,,,,
Zelda,Spirit Tracks,Cragma Battle,,,,https://audio.jukehost.co.uk/64ip66XSNnYi3IyOMvPkvrbxozqEznqQ,6,7,0,0,1,,,,1,,,,0,,0,,,,,,,,,,,
Zelda,Spirit Tracks,Fight against Byrne,Traucmahr,,,https://jetta.vgmtreasurechest.com/soundtracks/the-legend-of-zelda-spirit-tracks/tatsjrfa/148.%20Fight%20Against%20Byrne.mp3,6,7,0,0,1,,,,1,,,,0,,,,,,0,,,,,,,
Zelda,Spirit Tracks,Final boss battle,,,,https://audio.jukehost.co.uk/ujyx2ZaPCG9BwQLtbAfsTZyV2vOZhDvL,6,7,0,0,1,,,,1,,,,0,,0,,,,,,,,,,,
Zelda,Spirit Tracks,Tower of spirits,,https://downloads.khinsider.com/game-soundtracks/album/the-legend-of-zelda-spirit-tracks/047.%2520Tower%2520of%2520Spirits.mp3,,https://jetta.vgmtreasurechest.com/soundtracks/the-legend-of-zelda-spirit-tracks/pwmvsbet/047.%20Tower%20of%20Spirits.mp3,6,7,0,0,1,,,,1,,,,0,,,,,,0,,,,,,,
Zenless Zone Zero,Zenless Zone Zero,Burning Desire,,,,https://audio.jukehost.co.uk/wJusP7MZGDUJKS8s6OpFCu29pXX7hx8y,3,7,0,1,,,,,0,,,,,,,,,,,,,,,,,
Zenless Zone Zero,Zenless Zone Zero,Golden Sign,,,,https://audio.jukehost.co.uk/2Yfn7psjp8uWyfT9hfxwWSqgsUrQjqri,3,7,0,1,,,,,0,,,,,,,,,,,,,,,,,
A dance of fire and ice,A dance of fire and ice,It's over but not for me,,,,https://audio.jukehost.co.uk/XJ7Vhxs6P8S3k43FqioL0tzImi7d67vi,8,8,0,0,,,,,1,,,,1,,,0,0,0,0,,,,,,,
Ace Attorney,Investigations Collection,Chase down the truth,,,,https://audio.jukehost.co.uk/B5HM2eYj1n0gCBrS4toVqVpJWgPcgRpD,8,8,1,0,,,,,0,,,0,0,,,,1,,0,,,,,,0,
Afterburner,Afterburner,Title Screen,,,,,6,8,1,0,,,,0,0,0,,0,,,,,,,,,,,,,,
Age of Empire,Age of Empire 2,Main Theme,,,,https://audio.jukehost.co.uk/8maF1awhxwX6t5JDILy6IIJotLq0t0wJ,15,8,0,0,0,0,1,0,1,0,1,0,0,0,,0,0,,0,,,,,,,
Age of Empire,Age of Empire 4,Main Theme,,,,,16,8,0,0,0,0,1,0,1,0,1,0,0,0,,0,0,,1,,,,,,0,
Animal Crossing,Animal Crossing : City Folks,12 A.M.,AC/ACCF,,,https://audio.jukehost.co.uk/cdVmbZiJGPkzGxMT7Lbdg6wSxjetndet,11,8,1,0,0,,,0,0,0,,0,0,0,,1,0,,,,,,,,,
Animal Crossing,Animal Crossing : City Folks,8 P.M.,AC/ACCF,,,https://audio.jukehost.co.uk/2JHCSRV4EDwuwnoOrSB3TmlzsteXazfq,11,8,1,0,0,,,0,0,0,,0,0,0,,0,1,,,,,,,,,
Animal Crossing,Animal Crossing : City Folks,City Day Raining,AC/ACCF,,,https://audio.jukehost.co.uk/BinqBPt69en6THO336FrJcMMz5NCwBYP,11,8,1,0,0,,,0,0,0,,0,0,0,,0,1,,,,,,,,,
Animal Crossing,Animal Crossing : Happy Home Designer,Interior Designing,AC/ACHHD,,,https://audio.jukehost.co.uk/puQ6jl39GkjTcwHv5BPy5zXBrKEywcGI,11,8,1,0,0,,,0,1,0,,0,0,0,,0,0,,,,,,,,,
Animal Crossing,Animal Crossing : Happy Home Designer,Nook's Homes,AC/ACHHD,,,https://audio.jukehost.co.uk/yNuz5yvgYWm5QOuQvFj0CVUrUikikXy5,11,8,1,0,0,,,0,0,0,,0,0,1,,0,0,,,,,,,,,
Animal Crossing,Animal Crossing : Happy Home Designer,Title Screen,AC/ACHHD,,,https://audio.jukehost.co.uk/lDdxg2q8JJ3Afeuhj7aF266Zx9OgoX04,12,8,1,0,0,,,0,1,0,,0,0,1,,0,0,,,,,,,,0,
Animal Crossing,Animal Crossing : New Leaf,Title Screen,AC/ACNL,,,,11,8,1,0,0,,,0,0,0,,0,0,1,,0,0,,,,,,,,,
Animal Well,Animal Well,Animal Well,,,,https://audio.jukehost.co.uk/PatrI4GrYrZHazzj29wGGbpDe5DDH5UK,12,8,1,0,0,0,,1,1,0,,0,0,0,,0,0,,,,,,,,,
Assassin's Creed,Assassin's Creed 3,Main theme,,,,https://audio.jukehost.co.uk/MhQvxSly3AVbBBZCJ9pPYs0BRTkXnnvD,9,8,0,0,,,,0,1,0,,,0,0,,0,1,,,,,,,,,
Assassin's Creed,Origins,Ezio's Family (origins version),,,,https://audio.jukehost.co.uk/jb7l2VX0u9ZgsgL5olLUusx99vF8l2hd,5,8,0,0,,,,,1,,,,0,,,,,,0,,,,,,,
Assassin's Creed,Origins,Main theme,,,,https://audio.jukehost.co.uk/1nNoHX9NvBNI8nAqmBqnO5GdUcx5eE5b,5,8,0,0,,,,,1,,,,0,,,,,,0,,,,,,,
Assassin's Creed,Valhalla,When horns resound,,,,https://audio.jukehost.co.uk/0brLUu1VBZdgLjkfQeqbhEsoP7cIQcaw,6,8,0,0,,,,,1,,,,0,,,0,0,,,,,,,,,
Baba Is You,Baba Is You,Baba Is You Theme,,,,https://lambda.vgmtreasurechest.com/soundtracks/baba-is-you/xxvkooee/02.%20Baba%20Is%20You.mp3,9,8,0,0,,,,1,1,0,,,0,0,,0,0,,,,,,,,,
Baldur's gate,Baldur's gate 3,Raphael's Final Act,,,,https://audio.jukehost.co.uk/z4TEF4OIgPhBlCYXnVxKEI62qa9ePaI1,12,8,0,0,0,,,0,0,1,1,0,0,0,,1,0,,,,,,,,,
Bayonetta,Bayonetta,Let's dance boys ! ,,,,https://audio.jukehost.co.uk/z0Cc5LQQ66KwarIPGyavJ2EO9hIdAGxN,8,8,0,0,,,,,1,0,,,0,,,0,1,,,,,,0,,,
Borderlands,Borderlands 2,The Heavy-Short Change Hero,,,,,6,8,0,0,,,,,0,1,,,0,,,,,,0,,,,,,,
Brawlhalla,Brawlhalla,Blackguard Keep,,,,,4,8,1,0,,,,,0,,,,,,,0,,,,,,,,,,
Broforce,Broforce,This Ends Now,,,,https://audio.jukehost.co.uk/8yVgjTsl67fWKaenNUjGtX2elX7Xo2yM,13,8,0,0,0,,,1,0,0,,0,0,1,,0,0,,,,,0,,,0,
Burnout Paradise,Burnout Paradise,Paradise City,,,,https://audio.jukehost.co.uk/lu2FQ74bew5ngu5c8WGpB2myhXuP93ww,11,8,1,0,0,,,1,0,0,,0,0,0,,0,0,,,,,,,,,
Castle Crashers,Castle Crashers,Flutey,,,,,5,8,1,0,,,,,0,0,,,,,,,,,,,,,0,,,
Castle Crashers,Castle Crashers,Four Brave Champions,,,,https://audio.jukehost.co.uk/0rPmuHSNswHDTbCJmSZfZRMfq25h2XYk,12,8,1,0,0,0,,1,0,0,,0,0,0,,0,0,,,,,,,,,
Castle Crashers,Castle Crashers,Race Around The World,,,,,10,8,1,0,,0,,1,0,0,,,0,0,,0,0,,,,,,,,,
Castle Crashers,Castle Crashers,Space Pirates,,,,,12,8,1,0,0,0,,1,0,0,,0,0,0,,0,0,,,,,,,,,
Castlevania,Circle of the Moon,Awake,,,,https://audio.jukehost.co.uk/kasQg7snNjkeptR7cJNhBegGbCABrnJY,6,8,0,0,0,,,,1,0,,,,,,,,,0,,,,,,,
Castlevania,Dawn of Sorrow,Amber Scenery,,,,https://audio.jukehost.co.uk/iauCRfgY255ffYLTPm7VdsfJRsqnE98s,5,8,0,0,0,,,,1,,,,,,,,,,0,,,,,,,
Castlevania,Dawn of Sorrow,The beginning,,,,https://audio.jukehost.co.uk/JMVmmNab7KcTfLdubDkzK7pbu5EJWJ9n,5,8,0,0,0,,,,1,,,,,,,,,,0,,,,,,,
Castlevania,Harmony of Despair,Aquarius,,,,https://audio.jukehost.co.uk/T4Zh51L9FCVxYBrWxXxwt9kl6YKCUOxv,5,8,0,0,0,,,,1,,,,,,,,,,0,,,,,,,
Castlevania,Harmony of Despair,Divine Bloodlines,,,,https://audio.jukehost.co.uk/IepLfUbdCsgQaudS9pGegtZJa9H3I9Ed,8,8,0,0,0,,,,1,,,,,,,,1,,0,0,,,,,0,
Castlevania,Harmony of Despair,Ruined Castle Corridor,,,,https://audio.jukehost.co.uk/k1nVc2CHoTyUiTi9DpNDxPOqZ09kRyXq,5,8,0,0,0,,,,1,,,,,,,,,,0,,,,,,,
Castlevania,Harmony of Despair,Vampire Killer,,,,https://audio.jukehost.co.uk/KvuuqG8GNjs5XRsIMZjpZ8NF0yXEoOGa,5,8,0,0,0,,,,1,,,,,,,,,,0,,,,,,,
Castlevania,Symphony of the Night,Dance of Illusions,,,,https://audio.jukehost.co.uk/lHWEp2f21kpxywMvepOK6kkpPoitjJ2f,5,8,0,0,0,,,,1,,,,,,,,,,0,,,,,,,
Castlevania,Symphony of the Night,Dance of pales,Waltz of the Pearls,,,https://audio.jukehost.co.uk/HhjG9Kr3uqIgn95rM3mJEO3oWgMhmM44,5,8,0,0,0,,,,1,,,,,,,,,,0,,,,,,,
Castlevania,Symphony of the Night,Final Toccata,,,,https://audio.jukehost.co.uk/GrV0dnFAFqcGaAbxtgQD19j4EG3ePcca,5,8,0,0,0,,,,1,,,,,,,,,,0,,,,,,,
Castlevania,Symphony of the Night,Lost Painting,,,,https://audio.jukehost.co.uk/XYel9IJchCFeqAz1Qz1MvdxV5vpGTpoA,12,8,0,0,0,,,0,1,1,1,0,0,0,,,0,,,,,,,,0,
Celeste,Celeste,Quiet and falling,,,,https://audio.jukehost.co.uk/9W2ZZhTePBbkTdvlG4FkmZHcVl7k4eGE,8,8,0,0,0,,,,1,1,,,0,,,,,,0,,,,,,0,
Chrono Trigger,Chrono Trigger,Frog's theme,,,,https://audio.jukehost.co.uk/7mUVmo5zJ1SPzFhfknp1OgLW2OhhEIGA,10,8,0,1,1,,,0,0,0,,0,0,0,,,0,,,,,,,,,
Chrono Trigger,Chrono Trigger,Secret of the forest,,,,https://audio.jukehost.co.uk/DdWPl03nePu7AbOyKXgP3GmYeKItAX7Z,10,8,0,1,1,,,0,0,0,,0,0,0,,,0,,,,,,,,,
Crypt of the NecroDancer,Cadence of Hyrule,Gleeokenspiel,,,,https://audio.jukehost.co.uk/iMosmHXQEdIjLRA6F7baRKQfoxfdROaY,9,8,0,0,,,,0,1,1,,0,0,0,,,0,,,,,,,,,
CyberPunk 2077,Cyberpunk 2077,Never Fade Away,,,,,10,8,0,0,,0,,1,0,1,,0,0,0,,,0,,,,,,,,,
CyberPunk 2077,Phantom Liberty,Contra la Luna,,,,,11,8,0,0,0,0,,1,0,1,,0,0,0,,,0,,,,,,,,,
CyberPunk 2077,Phantom Liberty,Never looking back,,,,https://audio.jukehost.co.uk/6TaY4wE1anMMrHyZQ0MyXnj1gSk3Fl0y,11,8,0,0,0,0,,1,0,1,,0,0,0,,,0,,,,,,,,,
CyberPunk 2077,Phantom Liberty,Phantom Liberty,,,,,11,8,0,0,0,0,,1,0,1,,0,0,0,,,0,,,,,,,,,
Danganronpa,Climax Reasoning,Climax Reasoning,Closing Argument,,,https://audio.jukehost.co.uk/saDkNZP620ZiKgptWwFulk8OpqNLLoji,9,8,0,0,,,,,0,1,,,0,,,1,0,,0,,,0,,,,
Dark Souls,Dark Souls 2,Majula,,https://downloads.khinsider.com/game-soundtracks/album/dark-souls-ii-official-soundtrack-2014/03.%2520Majula.mp3,,https://jetta.vgmtreasurechest.com/soundtracks/dark-souls-ii-official-soundtrack-2014/sjrhmoiz/03.%20Majula.mp3,10,8,0,0,,,,0,1,0,,1,0,0,,,0,,0,,,,,,,
Dark Souls,Dark Souls 2,Milfanito,sanctuaire d'amana ; le marais de ses morts,,,https://audio.jukehost.co.uk/aFcNQDjRvkf64yqJr5sQQwG3fSTH03Ta,10,8,0,0,,,,0,1,0,,1,0,0,,,0,,0,,,,,,,
Dark Souls,Dark Souls 2,Sir Alonne,,,,https://audio.jukehost.co.uk/9AiAar10g04yGyQcH6Zrd2X5wQIHibfz,10,8,0,0,,,,0,1,0,,1,0,0,,,0,,0,,,,,,,
Death's door,Death's door,The last lord,,,,https://audio.jukehost.co.uk/kRe05VA2aWvBxYeAox0uCLspmZQr8Z1m,11,8,0,0,,,,0,1,0,,0,1,0,,0,0,,,,,,,,0,
Death's door,Death's door,The old Watchtowers,,,,https://audio.jukehost.co.uk/8P6prKcTYAq5fP10mnbkfdQDQiJP32I5,9,8,0,0,,,,0,1,0,,0,1,0,,,0,,,,,,,,,
Destiny,Destiny 2,Inner Light,,,,https://audio.jukehost.co.uk/phNjcPRggRCJ8nMBzUR4GQ7qwJSuadkE,6,8,0,0,,,,,1,0,,0,0,,,,,,,,,,,,,
Devil May Cry,Devil May Cry 3,Devils Never Cry,,,,https://audio.jukehost.co.uk/vnwXuLRSuDwBMg0RMabMO6PSHtXIR8Y2,5,8,0,0,,,,,0,,,,0,,,,1,,,,,,,,,
Devil May Cry,DMC5,Devil trigger,,,,https://audio.jukehost.co.uk/uxXNNRe7BwHWaAIvIJKQAsQ9yaWuULre,9,8,0,0,,,,0,1,0,,0,0,0,,,1,,,,,,,,,
Donkey Kong,Donkey Kong Country Returns,Tidal Terror,,,,https://audio.jukehost.co.uk/cldnPb58aWZCRcNAK4YaRrhvoSgUwEBa,6,8,0,0,,,,,1,,,,0,,,,0,,0,,,,,,,
Donkey Kong Country,Donkey Kong Country 2,In a snowbound land,,,,https://audio.jukehost.co.uk/fZ30Zp0N9XRAp0m004zm8aVNtdUPLTHs,10,8,0,0,1,,,0,0,0,,0,0,1,,,0,,,,,,,,,
Doom,Doom 2,Into Sandy's City,,,,https://audio.jukehost.co.uk/78drt3wFZrnMhmmQ9OAft3FtblitGiVb,9,8,0,0,0,,,,1,1,,,0,0,,,0,,,0,,,,,,
Dragon Ball,Sparking Zero,Main theme battle version,,,,https://audio.jukehost.co.uk/KouXcXq6cD2g9WdYyTEutItOQwuO2soa,5,8,0,0,,,,,1,,,,0,,,,,,0,,,,,,,
Everhood,Everhood,Euthanasia Rollercoaster,,,,https://audio.jukehost.co.uk/8O9OAYQK5kA5cSwJFk9IVvu3cf8Fef8g,5,8,0,0,,,,,1,0,,,0,,,,,,,,,,,,,
Fable,Fable 3,Loading Screen,,,,https://audio.jukehost.co.uk/0Jn7w7QsejGvyqPT7WDAVNdG6z0rTmIo,6,8,1,0,,,,,0,0,,,,,,0,,,,,,,0,,,
Factorio,Factorio,Main Menu,,,,,14,8,1,0,0,0,,1,0,0,,0,0,1,,0,0,,,,,0,,,0,
Fantasy Life,Fantasy Life,Au commencement,,,,https://audio.jukehost.co.uk/5QHL0rMRsvpRqa1SUf6MS07xrK2RgMeu,11,8,1,1,0,,,0,0,0,,0,0,0,,0,0,,,,,,,,,
Fantasy Life,Fantasy Life,Avatar Theme,,,,https://audio.jukehost.co.uk/10TaSkksLYY3q1KT5ZlHqjPcEGZ2F7NB,12,8,1,1,0,1,,0,0,0,,0,0,0,,0,0,,,,,,,,,
Fantasy Life,Fantasy Life,Chateau de Castel,,,,https://audio.jukehost.co.uk/J49T72drYqxEoKll1eEZb85C939py0oV,11,8,1,1,0,,,0,0,0,,0,0,0,,0,0,,,,,,,,,
Fantasy Life,Fantasy Life,Main theme,,,,https://audio.jukehost.co.uk/ug5eJd7YL1Zdm9Wo1aJBpSiWO31SlNeZ,13,8,1,1,0,0,,0,0,0,,0,0,0,,0,0,,,,,,,,0,
Final Fantasy,Chocobo Tales,Decisive Battle (from FFVI),,,,,6,8,0,0,,,,,0,,,,1,,,,,,0,0,,,,,,
Final Fantasy,Final Fantasy,Main theme,,,,https://audio.jukehost.co.uk/geKZW0MmiaeM1x13bh4hS6ppYlJtWea9,8,8,0,0,,,,,1,0,,,1,,,,,,0,0,,,,,0,
Final Fantasy,Final Fantasy III,Eternal Wind,,,,,5,8,1,0,,,,,0,,,,0,,,,,,0,,,,,,,
Final Fantasy,Final Fantasy V,The Final Battle,,,,,5,8,1,0,,,,,0,,,,0,,,,,,0,,,,,,,
Final Fantasy,Final Fantasy VII Remake,Hollow,,,,https://audio.jukehost.co.uk/ERKBUT4Jn9CMw5l4t0LopuV6loWAlffw,8,8,0,0,,,,1,1,0,,0,0,0,,,,,,,,,,,,
Final Fantasy,Final Fantasy VII Remake,Main theme,,,,https://audio.jukehost.co.uk/GzZKA8hLDc9nqtmgpTlfuWAXzR6gCRvR,4,8,0,0,,,,,1,,,,0,,,,,,,,,,,,,
Final Fantasy,Final Fantasy VIII,Force your Way,,,,https://audio.jukehost.co.uk/R9jCi4iMJSNTq5VnbAKtcyVGPyHkaqpy,5,8,0,0,,,,,1,,,,0,,,,,,0,,,,,,,
Final Fantasy,Final Fantasy XIV,The Twinning,,,,https://audio.jukehost.co.uk/X9Ao1bVncu9VgxyN9UBFen7aSy77892c,5,8,0,0,,,,,0,,,,0,,,,,,1,,,,,,,
Final Fantasy,Final Fantasy XV,APOCALYPSIS NOCTIS,,,,https://audio.jukehost.co.uk/DHKKxa00fj64Vvtn3Il3Xrgp06KIopBB,9,8,0,0,,,,0,1,0,,0,1,0,,,,,,0,,,,,,
Final Fantasy,Final Fantasy XV,Valse di Fantastica,,,,https://audio.jukehost.co.uk/1mhqw2IZ6xs7qbqdNuXORNSjXq3uN20r,8,8,0,0,,,,0,1,0,,0,1,0,,,,,,,,,,,,
Final Fantasy,Final Fantasy XVI,Away,,,,https://audio.jukehost.co.uk/MHoaJkuWlHL6qnrwWTnRoGAFxYsXJCzR,6,8,0,0,,,,,1,,,,0,,,,,,0,0,,,,,,
Final Fantasy,Final Fantasy XVI (DLC),Cascade,,,,https://audio.jukehost.co.uk/j9NWJFpPyYfzmeui1tA3j0OcZ1eyPn3g,5,8,0,0,,,,,1,,,,0,,,,,,0,,,,,,,
Final Fantasy,World of Final Fantasy,Innocent^2,,,,https://audio.jukehost.co.uk/Jvy57261Nf8JpHFStzg13YX2lHEwtuVF,5,8,0,0,,,,,0,,,,1,,,,,,0,,,,,,,
Final Fantasy,World of Final Fantasy,World of battle,Battle World,,,https://audio.jukehost.co.uk/DWzWMTILc7uH3dtxsVHZ7FmKWxr6UxZ2,5,8,0,0,,,,,0,,,,1,,,,,,0,,,,,,,
Fire Emblem,The Blazing Blade,Together we ride,,,,https://audio.jukehost.co.uk/A8XxtFbkMxg0aiJauQZlAg0bUMt859f1,6,8,0,0,,,,,1,0,,,0,,,,,,0,,,,,,,
First Class Trouble,First Class Trouble,Funeral dance,,,,https://audio.jukehost.co.uk/GcrxZvtkI0tpEUSQCYzKYa9GECfxJJLY,5,8,0,0,,,,,1,,,,,,,0,,,,,,,,,,0
Genshin impact,Genshin impact,Anthem of the Savannah,,,,https://audio.jukehost.co.uk/pYZkGxjbHYOAXjlriQPUvvAxCNa5b1hO,6,8,0,1,,,,,0,0,,,0,0,,,,,,,,,,,,
Genshin impact,Genshin impact,Any Last Words,Trailer Hu Tao,,,,6,8,0,1,,,,,0,0,,,0,0,,,,,,,,,,,,
Genshin impact,Genshin impact,Fin Histoire,Fontaine,,,,6,8,0,1,,,,,0,0,,,0,0,,,,,,,,,,,,
Genshin impact,Genshin impact,Requiem Resonantia,,,,https://audio.jukehost.co.uk/QeFXd55nsKV41UnBO6A9OU9rtXqCcJt5,6,8,0,1,,,,,0,0,,,0,,,,,,0,,,,,,,
Genshin impact,Genshin impact,Trailer Venti,,,,,6,8,0,1,,,,,0,0,,,0,0,,,,,,,,,,,,
Geometry Dash,Geometry Dash,Geometrical Dominator,,,,,8,8,1,0,,,,1,0,0,,0,0,0,,,,,,,,,,,,
Gris,Gris,Descent,,https://downloads.khinsider.com/game-soundtracks/album/gris-original-soundtrack/19.%2520Descent.mp3,,https://audio.jukehost.co.uk/yDK9uHTt463ndJocXfG7duSL4G3e3tIo,6,8,0,0,,,,,1,,,,0,,,0,,,0,,,,,,,
Gris,Gris,Gris pt.2,,https://downloads.khinsider.com/game-soundtracks/album/gris-original-soundtrack/25.%2520Gris%252C%2520Pt.%25202.mp3,,https://audio.jukehost.co.uk/II3oPKdsHTGKenxhTN7hZFJokkk5pQQB,6,8,0,0,,,,,1,0,,,0,,,,,,0,,,,,,,
Gris,Gris,Karasu,,https://downloads.khinsider.com/game-soundtracks/album/gris-original-soundtrack/15.%2520Karasu.mp3,,https://audio.jukehost.co.uk/JN2g3qei9j7sE7fyX7gcjGtgWiPNOzah,5,8,0,0,,,,,1,,,,0,,,,,,0,,,,,,,
Gris,Gris,Mae,,https://downloads.khinsider.com/game-soundtracks/album/gris-original-soundtrack/01.%2520Mae.mp3,,https://audio.jukehost.co.uk/tTQJqGa0Pv7aLtL5BPFASV3bV8v9GGMf,5,8,0,0,,,,,1,,,,0,,,,,,0,,,,,,,
Gris,Gris,Tobu,,https://downloads.khinsider.com/game-soundtracks/album/gris-original-soundtrack/14.%2520Tobu.mp3,,https://audio.jukehost.co.uk/DGhAIQRP1gzqGWlnyK7IyLXqWXNz9fYR,5,8,0,0,,,,,1,,,,0,,,,,,0,,,,,,,
Helltaker,Helltaker,Luminescent,,,,https://audio.jukehost.co.uk/nLvHYO54FxMUZE3RJGUD9eq3aXQ6Oxq8,6,8,0,0,,,,,1,0,,,0,,,,,,0,,,,,,,
Helltaker,Helltaker,Titanium,,,,https://audio.jukehost.co.uk/TgnxGeAmzRDdiL5XuXbgL5EXVglnjWFq,6,8,0,0,,,,,1,0,,,0,,,,,,0,,,,,,,
Hollow Knight,Silksong ,Lace,,https://downloads.khinsider.com/game-soundtracks/album/hollow-knight-silksong-2025/09.%2520Lace.mp3,,https://audio.jukehost.co.uk/qepMpRJIepQitFWkad7jt1vTyDO1yrkT,8,8,0,0,,,,0,1,1,,,0,0,,,,,,,,,,,0,
Honkai,Honkai Star Rail,A Dramatic Irony,,,,https://audio.jukehost.co.uk/s0oxWmk2rjZfhshmonG6SUAQ5RaAhbZC,9,8,0,1,0,,,0,0,0,,0,1,0,,,,,,,,,,,,
Honkai,Honkai Star Rail,Take The Journey,,,,https://audio.jukehost.co.uk/YeVxEWfkF6RBRUHLcXjA5krByDv1CwuZ,6,8,0,1,,,,,0,0,,,0,0,,,,,,,,,,,,
Hue,Hue,Dearest Hue,,https://downloads.khinsider.com/game-soundtracks/album/hue-game-soundtrack/01%2520Dearest%2520Hue%2520%2528Hue%2520Main%2520Theme%2529.mp3,,https://audio.jukehost.co.uk/kL5fYQ4XrjfaHXfk7PHcLUfo5iIHhEXh,5,8,0,0,,,,,1,,,,0,,,,,,0,,,,,,,
Human Fall Flat,Human Fall Flat,Labour,,,,,10,8,0,0,,,,1,1,0,,0,0,0,,0,,,,,,,,,0,
Hyper Light Drifter,Hyper Light Drifter,Vignette Panacea,,,,,9,8,0,0,,,,1,1,0,,0,0,0,,,,,,0,,,,,,
Jak and Daxter,Jak II,Mountain temple,,,,https://audio.jukehost.co.uk/6REL0sClnFvWbATmEUR426IjvhMBNcfu,5,8,0,0,,,,,1,0,,,,,,,,,0,,,,,,,
Jet Set Radio,Jet Set Radio Future,Funky Dealer,,,,https://audio.jukehost.co.uk/AD93efon6wJs401BQpKM19c0TcHb7svQ,5,8,0,0,,,,,0,,,,0,,,,1,,,,,,,,,
Jet Set Radio,Jet Set Radio Future,Like it like this like that,,,,https://audio.jukehost.co.uk/B9V9gEsn4nuJVieooQCJYsKmHwuX5MjV,5,8,0,0,,,,,0,,,,0,,,,1,,,,,,,,,
Jet Set Radio,Jet Set Radio Future,The concept of love,,,,https://audio.jukehost.co.uk/kQgPpdWMeiwQqDPz8PmcWWFR5kgnSigG,5,8,0,0,,,,,0,,,,0,,,,1,,,,,,,,,
Journey,Journey,Nascence,,,,https://audio.jukehost.co.uk/La2CxlYQONTekAQgYuwwACl2fgZaNkDp,12,8,0,0,1,,,0,1,0,,0,0,0,,0,,,,,,0,,,0,
Kingdom Hearts,358/2 days,Musique pour la tristesse de Xion,,,,https://audio.jukehost.co.uk/poQIDAheL5lPLdOdI7RgWOAOkSZYLbqf,8,8,0,0,,,,0,1,0,,0,1,0,,,,,,,,,,,,
Kingdom Hearts,358/2 days,Vector to the heavens,,,,https://nu.vgmtreasurechest.com/soundtracks/kingdom-hearts-hd-1.5-2.5-remix-original-soundtrack-box-2014/kymoloic/3-11%20Vector%20to%20the%20Heavens.mp3,8,8,0,0,,,,0,1,0,,0,1,0,,,,,,,,,,,,
Kingdom Hearts,KH,Always on my mind,,,,https://audio.jukehost.co.uk/R08Th2C3frhi5imSjmPjEaAT1NmcF11O,9,8,0,0,,,,0,1,0,,0,1,0,,0,,,,,,,,,,
Kingdom Hearts,KH II,Friends in my heart,,,,https://audio.jukehost.co.uk/iJrw6Got3aZawqEJgaoWWMpGn4oI7b68,8,8,0,0,,,,0,1,0,,0,1,0,,,,,,,,,,,,
Kingdom Hearts,KH II,Rage Awakened,,,,https://audio.jukehost.co.uk/c6jkp2QJNI0QzGfhFPwrmXpw2RHya9xI,8,8,0,0,,,,0,1,0,,0,1,0,,,,,,,,,,,,
Kingdom Hearts,KH III,Dark domination,,,,https://audio.jukehost.co.uk/saRld7OFTohSZwB64irLOKTslJ5n43Q2,9,8,0,0,0,,,0,1,0,,0,1,0,,,,,,,,,,,,
Kingdom Hearts,KH III,Edge of existence,Scala ad Caelum,,,https://audio.jukehost.co.uk/5Hg4Ssar3VCKQ11zWIkfYWeByNi2SeZz,8,8,0,0,,,,0,1,0,,0,1,0,,,,,,,,,,,,
Kingdom Hearts,KH III,Wave of darkness,,,,https://nu.vgmtreasurechest.com/soundtracks/kingdom-hearts-iii-gamerip/uumdfrsq/034.%20Wave%20of%20Darkness%20I.mp3,8,8,0,0,,,,0,1,0,,0,1,0,,,,,,,,,,,,
Kingdom Hearts,Unchained χ,Dearly beloved,,,,https://audio.jukehost.co.uk/vtW1J2ya2uZOBAPtKkzKc5vocWenN4Lu,8,8,0,0,,,,0,1,0,,0,1,0,,,,,,,,,,,,
Kirby,Kirby et le Monde Oublié,Roar of Dedede,,,,,8,8,0,0,,,,1,0,0,,,0,1,0,,,,,,,,,,,
Kirby,Kirby et le Monde Oublié,Welcome to the New World !,,,,,9,8,0,0,,,,1,0,0,,0,0,1,0,,,,,,,,,,,
Kunitsu Gami,Kunitsu Gami,Battle theme,,,,https://audio.jukehost.co.uk/SbRAqLHh85Uuk8vRlNpJgnZLHL5ixCZt,4,8,0,0,,,,,1,,,,,,,,,,0,,,,,,,
League of Legends,League of Legends,Evelynn,,,,https://audio.jukehost.co.uk/Ap495a7OlpHtxtDRUqxKGbblBScdLGKJ,8,8,0,0,,,,0,0,0,,1,0,1,,,,,,,,,,,,
League of Legends,League of Legends,Fiddlestick,,,,https://audio.jukehost.co.uk/rcbPDnOqt2dFMGHAWFEVJMGppPZhIKGe,8,8,0,0,,,,0,0,0,,1,0,1,,,,,,,,,,,,
League of Legends,League of Legends,Gwen,,,,https://audio.jukehost.co.uk/1aoB3UvKge0Mr0o5jBPMfDxNapSOLler,8,8,0,0,,,,0,0,0,,1,0,1,,,,,,,,,,,,
League of Legends,League of Legends,Jax,,,,https://audio.jukehost.co.uk/cvaMrU3NJCd2hHtk55rvRdIkXbqF9T4d,4,8,0,0,,,,,1,,,,,,,,,,0,,,,,,,
League of Legends,League of Legends,Kindred,,,,https://audio.jukehost.co.uk/gueI2in6dP2YQZ8Z9oNAn9iRvMlHHsTO,8,8,0,0,,,,0,0,0,,1,0,1,,,,,,,,,,,,
League of Legends,League of Legends,Pantheon,,,,https://audio.jukehost.co.uk/0Vne8SdBJPT66nLC9lLcSF5yDZHpvkMp,8,8,0,0,,,,0,0,0,,1,0,1,,,,,,,,,,,,
League of Legends,League of Legends,PsyOps,,,,https://audio.jukehost.co.uk/5AWTahNagBUxz3LKdkqsTHFoh8gLkTYQ,9,8,0,0,,,,0,0,0,,1,0,1,,,,,,,,,,,0,
League of Legends,League of Legends,Rell,,,,https://audio.jukehost.co.uk/DbfLFnGdGncoUGUtgseJo0fAZi8NooOr,8,8,0,0,,,,0,0,0,,1,0,1,,,,,,,,,,,,
League of Legends,League of Legends,Samira,,,,https://audio.jukehost.co.uk/XUjkjFWy0cwzbb5XwgLeqhI7HUzyDgCN,8,8,0,0,,,,0,0,0,,1,0,1,,,,,,,,,,,,
League of Legends,League of Legends,Taliyah,,,,https://audio.jukehost.co.uk/yTq9xJZ768ZWItqxbpOtoDPyxJOYg4V8,8,8,0,0,,,,0,0,0,,1,0,1,,,,,,,,,,,,
League of Legends,League of Legends,The curse of the sad mummy,,,,https://audio.jukehost.co.uk/iYgMzSju0FAYhfi1MmtwKF4yZO69xiye,5,8,0,0,,,,,1,,,,0,,,,,,0,,,,,,,
League of Legends,League of Legends,Zeri,,,,https://audio.jukehost.co.uk/q1uRVByPbHXXmKt1nK08h3MxPJvqkrlr,8,8,0,0,,,,0,0,0,,1,0,1,,,,,,,,,,,,
League of Legends,Ruined king,Any coin on ya,,,,https://audio.jukehost.co.uk/SP1GayRMqEgeGE57KSjcpPdTmyPP9nDT,5,8,0,0,,,,,1,,,,0,,,,,,0,,,,,,,
League of Legends,Ruined king,Down on the docks,,,,https://audio.jukehost.co.uk/6OrSwKJXgYQ8IC3v6E4nDQfwNnln19cc,5,8,0,0,,,,,1,,,,0,,,,,,0,,,,,,,
League of Legends,Ruined king,Good day for a fright,,,,https://audio.jukehost.co.uk/NNds8yuFbtiLz6yhPAq5duKFNo7clgiw,5,8,0,0,,,,,1,,,,0,,,,,,0,,,,,,,
League of Legends,Ruined king,Rat town scramble,,,,https://audio.jukehost.co.uk/030D2DeNERO5ozp2Reseu2CwapYCoDn9,5,8,0,0,,,,,1,,,,0,,,,,,0,,,,,,,
League of Legends,Ruined king,Settling the score,,,,https://audio.jukehost.co.uk/xmoKJSHl4ZecuMw7NcnbILoXjUiC9Hq1,5,8,0,0,,,,,1,,,,0,,,,,,0,,,,,,,
Mario et Sonic aux JO,Mario et Sonic aux JO Hiver,Main Menu,,,,https://audio.jukehost.co.uk/xD3qGjhnFIDTdMz5QH3rZ3itJ8SgGBIl,8,8,1,0,,,,0,0,,,0,0,1,,,,,,,,,,,0,
Mario et Sonic aux JO,Mario et Sonic aux JO Hiver,Title Screen,,,,https://audio.jukehost.co.uk/faGRubEtmcx4Q6Utv0aeVhRiuNJARN4W,8,8,1,0,,,,0,0,,,0,0,1,,,,,,,,,,,0,
Mario et Sonic aux JO,Mario et Sonic aux JO Londres 2012,Main Theme,,,,https://audio.jukehost.co.uk/bJLRxi1WuAdnFMw0L5E1jv7qhLQ0mrMN,9,8,1,0,,,,0,0,,,0,0,1,,0,,,,,,,,,0,
Mass Effect,Mass Effect 2,Suicide Mission,,,,https://audio.jukehost.co.uk/sG8nEGgfW6KRBXZYRykOKinQieuHixEn,6,8,0,0,,,,,1,,,,,,,0,,,0,,,,0,,,
Middle Earth,Shadow of Mordor,Caragor riding,,,,https://audio.jukehost.co.uk/mLaoWI4NNj0m8BNtmL5jKSBb2vT0oZxk,5,8,0,0,0,,,,1,,,,0,,,,,,,,,,,,,
Middle Earth,Shadow of Mordor,Main theme,,,,https://audio.jukehost.co.uk/iQnnz3W7qJu1k8DxJ7MnpzUXYFsBMV6P,5,8,0,0,0,,,,1,,,,0,,,,,,,,,,,,,
Middle Earth,Shadow of war,Fires of war,,,,https://audio.jukehost.co.uk/bRXH3mtTPI9aYJ0NYVSIBjN8oSgxVjmB,8,8,0,0,0,,,0,1,0,,1,0,,,,,,,,,,,,,
Mirror's Edge,Mirror's Edge Catalyst,Still Alive,,,,https://audio.jukehost.co.uk/nlsjVVV4UCV3idCozdCx7AmXyIfSVJ3Q,5,8,0,0,,,,,1,0,,,,,,,,,0,,,,,,,
Monster Hunter,Monster Hunter 4 Ultimate,Main Theme,Winds of Adventure,,,https://audio.jukehost.co.uk/sOAz4Fx6IHHsjf6BpC88V2ECbwPmFgcD,11,8,1,0,0,0,,0,0,0,1,0,0,,,,,,,0,,,,,,
Monster Hunter,Monster Hunter 4 Ultimate,Select Screen,Adventure Calls,,,https://audio.jukehost.co.uk/b4iPbTOz0HYtaTjyswlqgXKGVrDncQHs,10,8,1,0,0,0,,0,0,0,1,0,0,,,,,,,,,,,,,
Monster Hunter,Monster Hunter Tri,Credits/Ceadeus,,,,https://audio.jukehost.co.uk/DTYSvntoic3Qaur1dBZI2EdaRyR6uuND,10,8,1,0,0,0,,0,0,0,1,0,0,,,,,,,,,,,,,
Monster Hunter,Monster Hunter Tri,Quest Complete,,,,https://audio.jukehost.co.uk/w6KnxMtkimivqeyC6BZxcj4AmdGuvcm3,10,8,1,0,0,0,,0,1,0,,0,0,,,,,,,0,,,,,,
Monster Hunter,Monster Hunter World,Astera Theme,,,,https://audio.jukehost.co.uk/Fa0gLiFGrK4y6LCzPrO7Lhf9xCst3ve7,10,8,1,0,0,0,,0,0,0,,0,0,,,1,,,,,,,,,,
Monster Hunter,Monster Hunter World,Main Menu Theme,,,,https://audio.jukehost.co.uk/VArWsOal7EpBGj16bXxYk0gHYHh25dav,11,8,1,0,0,0,,0,0,0,1,0,0,,,0,,,,,,,,,,
Monster Hunter,Monster Hunter World,Main Theme,,,,https://audio.jukehost.co.uk/ANDa1lqrpJeft24lHqsUYTToTqSNg2q6,11,8,1,0,0,0,,0,0,0,1,0,0,,,0,,,,,,,,,,
Monster Hunter,Monster Hunter World,Quest Complete,,,,https://audio.jukehost.co.uk/FrUGvGin6ZHQ1qzn5hQm3WWUghVPylaN,12,8,1,0,0,0,,0,0,0,1,0,0,,,0,,,,0,,,,,,
Monster Hunter,Monster Hunter World,Velkhana,,,,https://audio.jukehost.co.uk/3P0fxI3Sq385ez1gGtyyt5AaYA8jTXlh,6,8,1,0,,,,,0,0,,,0,,,,,,0,,,,,,,
Nocturnal,Nocturnal,Farewell,,,,,4,8,0,0,,,,,1,,,,,,,,,,0,,,,,,,
Nocturnal,Nocturnal,Main theme,,,,https://audio.jukehost.co.uk/mQ68hGz8xlF88I9dHvAsJXnMtUcFs8oH,4,8,0,0,,,,,1,,,,,,,,,,0,,,,,,,
Octopath Traveler,Octopath Traveler,Olberic the Warrior,,,,https://audio.jukehost.co.uk/RHjarceyKkNAKSrWjh1lGteon8x25L5I,10,8,0,1,0,,,0,0,1,,0,0,,,0,,,,,,,,,0,
Omori,Omori,Bready Steady go,,https://downloads.khinsider.com/game-soundtracks/album/omori-original-soundtrack-2020/125.%2520BREADY%2520STEADY%2520GO.mp3,,https://audio.jukehost.co.uk/Wi3H2XB64wfgp6xxqO0jNAp70dtFRzg2,5,8,0,0,,,,,1,,,,0,,,,,,0,,,,,,,
Omori,Omori,Cram it wad,,https://downloads.khinsider.com/game-soundtracks/album/omori-original-soundtrack-2020/58.%2520Cram%2520It%2520Wad.mp3,,https://audio.jukehost.co.uk/v3942Fxz5Gtg0J2gVao3FAkQVNKpCo3A,5,8,0,0,,,,,1,,,,0,,,,,,0,,,,,,,
Omori,Omori,Flouring with you,,https://downloads.khinsider.com/game-soundtracks/album/omori-original-soundtrack-2020/124.%2520Flouring%2520With%2520You.mp3,,https://audio.jukehost.co.uk/3D5LrtDLFwL4ThUbiA1xzTSjiPpZ5mV4,5,8,0,0,,,,,1,0,,,0,,,,,,,,,,,,,
Omori,Omori,GOLDENVENGEANCE,,https://downloads.khinsider.com/game-soundtracks/album/omori-original-soundtrack-2020/106.%2520GOLDENVENGEANCE.mp3,,https://audio.jukehost.co.uk/Jxugvk8Eaqu3NecJHnvMur7itqTfdQ9P,5,8,0,0,,,,,1,0,,,0,,,,,,,,,,,,,
Omori,Omori,It means everything,,https://downloads.khinsider.com/game-soundtracks/album/omori-original-soundtrack-2020/60.%2520It%2520Means%2520Everything..mp3,,https://audio.jukehost.co.uk/NZJHk2aEvfJzPYZz2mJCLBydLHlsz6E5,5,8,0,0,,,,,1,0,,,0,,,,,,,,,,,,,
Omori,Omori,Jawbreaker,,https://downloads.khinsider.com/game-soundtracks/album/omori-original-soundtrack-2020/105.%2520Jawbreaker.mp3,,https://audio.jukehost.co.uk/JrlqUilWhziNjjD77fTyg1kMWOfVGAg4,5,8,0,0,,,,,1,0,,,0,,,,,,,,,,,,,
Omori,Omori,Merry CD,,,,https://audio.jukehost.co.uk/ISdgrUFgjU836t6qTWn2AbdBIeH8vJ1L,5,8,0,0,,,,,1,,,,0,,,,,,0,,,,,,,
Omori,Omori,Tee-hee Time,,https://downloads.khinsider.com/game-soundtracks/album/omori-original-soundtrack-2020/130.%2520Tee-hee%2520Time.mp3,,https://audio.jukehost.co.uk/iU6hTKUIEu0iSPDITUG3lRRS1Ir4TFOn,6,8,0,0,,,,,1,0,,,0,,,0,,,,,,,,,,
Omori,Omori,Trouble-NEVER/ALWAYS,,https://downloads.khinsider.com/game-soundtracks/album/omori-original-soundtrack-2020/39.%2520Trouble%2520-%2520NEVER%2520-%2520ALWAYS.mp3,,https://audio.jukehost.co.uk/CsV4ZYlVa2xoUTQjMFntNxbUxegveIbj,5,8,0,0,,,,,1,,,,0,,,,,,0,,,,,,,
Omori,Omori,You cannot go back,,https://downloads.khinsider.com/game-soundtracks/album/omori-original-soundtrack-2020/129.%2520You%2520Cannot%2520Go%2520Back.mp3,,https://audio.jukehost.co.uk/VHVfUXppO610EfDh28HwNeXXviInaQZW,5,8,0,0,,,,,1,0,,,0,,,,,,,,,,,,,
One Piece,Unlimited Cruise 2,Doom Guardian,,,,https://audio.jukehost.co.uk/bdLdpohMJjMhyAp3guDkbGgudwBWiEgz,6,8,0,0,,,,,1,0,,,0,,,0,,,,,,,,,,
Ori,Ori and the blind forest,Swallows nest,,,,https://audio.jukehost.co.uk/5ppeC2DWQcsKzT9zkKRSUeeoTx2Vz4nJ,6,8,0,0,,,,,1,0,,,0,,,,,,0,,,,,,,
Ori,Ori and the will of the wisps,Mora the Spider,,https://downloads.khinsider.com/game-soundtracks/album/ori-and-the-will-of-the-wisps-deluxe-edition-2024/43.%2520Mora%2520the%2520Spider.mp3,,https://audio.jukehost.co.uk/oGa1tpcpmY7FGMeIDcwOqcAT7PfEMkFo,5,8,0,0,,,,,1,0,,,,,,,,,0,,,,,,,
Ori,Ori and the will of the wisps,Shriek and Ori,,https://downloads.khinsider.com/game-soundtracks/album/ori-and-the-will-of-the-wisps-deluxe-edition-2024/95.%2520Shriek%2520and%2520Ori%2520%2528Deluxe%2520Version%2529.mp3,,https://audio.jukehost.co.uk/rKi0hxmUTftTGM2fjq18V8M9XpPGydkD,4,8,0,0,,,,,1,,,,,,,,,,0,,,,,,,
Pathway,Pathway,Title Theme,,,,https://audio.jukehost.co.uk/FMl0acrA8wRmHl0Cu4lbbfx9ZMp1Qkwc,5,8,0,0,,,,,1,0,,,0,,,,,,,,,,,,,
Persona,Persona 3 FES,P3 fes,,,,https://audio.jukehost.co.uk/x4IoLmfmyQJFXqyCZQAYCDA2a2Dr9eoP,5,8,0,0,,,,,0,,,,,,,1,,,0,,,,,,,
Pizza tower,Pizza tower,There's A Bone In My Spaghetti!,,,,https://audio.jukehost.co.uk/UfW4naw5PZYDweqfh6DNN8fs2j7spLl0,5,8,0,0,,,,,1,,,,,,,,,,0,0,,,,,,
Pokemon,Gen 5,Nicolai battle theme,,,,https://audio.jukehost.co.uk/y2OcSqy5FuC8QocpOhmuiH5wguaEZoud,4,8,0,0,,,,,1,,,,,,,,,,0,,,,,,,
Pokemon,Gen 6,Route 1,,,,https://audio.jukehost.co.uk/T9oPVlGBDKHJ9Myct1RvhepJt5enwIJW,6,8,1,0,,,,0,0,0,,,0,,,,,,,,,,,,,
Pokemon,Gen 8,Peony,,,,https://audio.jukehost.co.uk/JEXO7lwfWnmKpjH1d6a7eOj3Qmfz1KF3,4,8,0,0,,,,,1,,,,,,,,,,0,,,,,,,
Pokemon Donjon Mystère,Mystery Dungeon Gates to Infinity,Ragged Mountain,,,,,4,8,1,0,,,,,0,,,,,,,,,,0,,,,,,,
Pokemon Donjon Mystère,Pokemon Donjon Mystère : Exploreurs du Ciel,Don't Ever Forget,,,,,4,8,0,0,,,,,1,,,,,,,,,,0,,,,,,,
Pokemon Donjon Mystère,Pokemon Donjon Mystère : Exploreurs du Ciel,Temporal Tower,,,,https://audio.jukehost.co.uk/xVhYtLVwjA21bY9F5e89Sl8ZVluJ4kop,4,8,0,0,,,,,1,,,,,,,,,,0,,,,,,,
Pokemon Donjon Mystère,Super Pokemon Donjon Mystère,Main Menu,,,,,4,8,1,0,,,,,0,,,,,,,,,,0,,,,,,,
Prey,Prey,Everything is going to be okay,,,,https://audio.jukehost.co.uk/GgVHZ43CnEbNbGG7IUo7hIdGSnZybC4U,10,8,0,0,,,,0,1,1,,0,0,,,0,,,,,,0,,,0,
Prince of persia,The lost crown,Main theme,,,,https://audio.jukehost.co.uk/sefke4cpFVXAad42QhdWhVdIIPYv05QC,6,8,0,0,,,,,1,0,,,0,,,0,,,,,,,,,,
Rain Code,Master Detective Archives : Rain Code,Deduction Denouement,,,,,5,8,0,0,,,,,0,,,,,,,1,,,0,,,,,,,
Rain Code,Master Detective Archives : Rain Code,Detectives Theme,,,,,5,8,0,0,,,,,0,,,,,,,1,,,0,,,,,,,
Rain Code,Master Detective Archives : Rain Code,Exotic Nation,,,,,5,8,0,0,,,,,0,,,,,,,1,,,0,,,,,,,
Rain Code,Master Detective Archives : Rain Code,RAIN CODE,,,,,5,8,0,0,,,,,0,,,,,,,1,,,0,,,,,,,
Rain Code,Master Detective Archives : Rain Code,Shinigami Puzzle,,,,,6,8,0,0,,,,,0,0,,,,,,1,,,0,,,,,,,
Rayman,Legends,Dragon Slayer,,,,https://audio.jukehost.co.uk/AtBrZPsxuWWay2EBxIbmPlRcKiBUSgN1,5,8,0,0,,,,,1,,,,0,,,,,,0,,,,,,,
Rayman,Legends,Grannies world tour,,,,https://audio.jukehost.co.uk/4UdzdmG6WrqyK55l265wVDV1q8NKmkJz,5,8,0,0,,,,,1,,,,0,,,,,,0,,,,,,,
Red Dead Redemption,RDR2,May I? Unshaken,,,,https://audio.jukehost.co.uk/a1YPGEu5xXaw1Mh4PpoMOQNBr9vnhtyx,6,8,0,0,,,,,0,0,,1,0,,,,,,,,,,,,,
Resident Evil,RE4,Save room,,,,https://audio.jukehost.co.uk/P5Cls83KL9m1TgkCZACqzjQd4O11bgNS,8,8,1,0,,,,0,1,0,,0,0,,,,,,,,,,0,,,
Risk of Rain,ROR2,...con lentitud poderosa,,,,https://audio.jukehost.co.uk/BY6eS65Kid4di3ZQ9uXpvkAZLre7fABA,5,8,1,0,,,,,0,0,,,0,,,,,,,,,,,,,
Risk of Rain,ROR2,Antarctic Oscillation,,,,https://audio.jukehost.co.uk/aGOT7CrUtdxxESIJ0Veo9xov9hjWm5Y4,5,8,1,0,,,,,0,0,,,0,,,,,,,,,,,,,
Risk of Rain,ROR2,Into the Doldrums,,,,https://audio.jukehost.co.uk/EobXVmTpRhtFmXBPGgg58bUWpDW1rBXY,5,8,1,0,,,,,0,0,,,0,,,,,,,,,,,,,
Risk of Rain,ROR2,Köppen As Fuck,,,,https://audio.jukehost.co.uk/BHRClplwSFTuWhwugcOiRJEMrNtMNARo,5,8,1,0,,,,,0,0,,,0,,,,,,,,,,,,,
Risk of Rain,ROR2,Risk of Rain 2,,,,https://audio.jukehost.co.uk/7YBdw86Ue8kY1oPnu8TP5p0NesJtU2DT,5,8,1,0,,,,,0,0,,,0,,,,,,,,,,,,,
Risk of Rain,ROR2,Terra Pluviam,,,,https://audio.jukehost.co.uk/Jbi6qjnDR4XYF2gTmZ7R9if9tjkMq5vB,5,8,1,0,,,,,0,0,,,0,,,,,,,,,,,,,
Risk of Rain,ROR2,The Rain Formerly Known as Purple,,,,https://audio.jukehost.co.uk/V3Pd2m6siYYZqnWbHpVfZqNg5rM7EySA,5,8,1,0,,,,,0,0,,,0,,,,,,,,,,,,,
Risk of Rain,ROR2,You're Gonna Need a Bigger Ukulele,,,,https://audio.jukehost.co.uk/oauLLk3lMhfjOIFJrN53m5fHshPoFxrJ,5,8,1,0,,,,,0,0,,,0,,,,,,,,,,,,,
Risk of Rain,ROR2 DLC,Having Fallen It Was Blood,,,,https://audio.jukehost.co.uk/lWwfCuiocEUzC006QS1zUOVxmAbjIEqZ,5,8,1,0,,,,,0,0,,,0,,,,,,,,,,,,,
Risk of Rain,ROR2 DLC,The Face of the Deep,,,,https://audio.jukehost.co.uk/2ExXMJ3t34bls8FfPR0b8GRudrtg88T2,5,8,1,0,,,,,0,0,,,0,,,,,,,,,,,,,
Rivals of Aether,Rivals of Aether,Fighter select 2,,,,https://audio.jukehost.co.uk/nUSUF1OcbvKUD2yin4NZrZNCkhV7kDNm,5,8,0,0,,,,,1,0,,,0,,,,,,,,,,,,,
Rivals of Aether,Rivals of Aether 2,Fight and Flight,,,,https://audio.jukehost.co.uk/DjyCAKD2tJIroUoIcLt9mq0oK9wOnzqz,6,8,0,0,,,,,1,,,,0,,,,,,0,0,,,,,,
Rivals of Aether,Rivals of Aether 2,Julesvale,,,,https://audio.jukehost.co.uk/JKRqwCqIVWe975vqlZJtcfdxiM5s8Zz4,4,8,0,0,,,,,1,,,,,,,,,,0,,,,,,,
Rivals of Aether,Rivals of Aether 2,Menu theme,,,,https://audio.jukehost.co.uk/IM5r1NMm7zuPHIIY8ydFzQknsHU9kPId,4,8,0,0,,,,,1,,,,,,,,,,0,,,,,,,
Rivals of Aether,Rivals of Aether 2,Rock wall 2,,,,https://audio.jukehost.co.uk/0zrGOuUv73k23TLbduZzabDDZ6jT3BKC,5,8,0,0,,,,,1,0,,,0,,,,,,,,,,,,,
Rocket League,Rocket League,Cities,,,,https://audio.jukehost.co.uk/SrdGoSNEbXDlcOsIvjKDsOcN54ieVpyY,8,8,1,0,0,,,1,0,0,,0,0,,,,,,,,,,,,,
Scarlet Nexus,Scarlet Nexus,Scarlet Nexus,,,,https://audio.jukehost.co.uk/35OTDnDF0OfQmEqsWIutTw3hwZcFk2CI,6,8,0,0,,,,,0,0,,,0,,,1,,,,,,,,,,
Shadow of the Colossus,Shadow of the Colossus,The opened way,,,,https://audio.jukehost.co.uk/UwXyAKjfIBdryr0nXraLZVGvi4i27kME,5,8,0,0,,,,,1,0,,,,,,,,,0,,,,,,,
Shin Megami Tensei,SMT5,Battle Da'at,,,,https://audio.jukehost.co.uk/ezSd27Lic00Biysc3qNJC9f9j68Nmwvj,8,8,0,0,,,,0,1,0,,,0,,,1,,,,,,,,,0,
Silent Hill,Silent Hill 2,Theme of Laura,,,,https://audio.jukehost.co.uk/IbLtbQX7xpekKAtRFRQsRb9na8Q7jkVO,4,8,0,0,,,,,1,,,,,,,,,,0,,,,,,,
Slime Rancher,Slime Rancher,Danger,,,,https://audio.jukehost.co.uk/4nxDZCgNRNIGGva3C8G5PSKcyUbsKV4k,5,8,0,0,,,,,0,0,,1,,,,,,,,,,,,,,
Slime Rancher,Slime Rancher,Ranch theme,,,,https://audio.jukehost.co.uk/oFZ9wSe02Cl2yGuXNpiKLvx2x4SJIPHu,4,8,0,0,,,,,0,,,1,,,,,,,,,,,,,,
Slime Rancher,Slime Rancher,Reef theme,,,,https://audio.jukehost.co.uk/6ARV8MPcDSdahXcq05DiRUp5GRK9FH2E,4,8,0,0,,,,,0,,,1,,,,,,,,,,,,,,
Slime Rancher,Slime Rancher,Ruins theme,,,,https://audio.jukehost.co.uk/HT1sAYvWiZ9v3KypG0gXgL6dthyIpHrX,6,8,0,0,,,,,0,0,,1,,,,,,,,,,,0,,,
Sonic,Colors,Trailer,,,,,8,8,1,0,0,,,1,0,0,,0,0,,,,,,,,,,,,,
Sonic,Frontiers,Break Through it all,,,,https://audio.jukehost.co.uk/QayRjmklJKJswGmnFd4dW9VmxgbO7uPe,6,8,0,0,,,,0,0,,,,0,,,,1,,,,,,,,,
Sonic,Frontiers,Find your flame,,,,https://audio.jukehost.co.uk/bxWPUbJgQhaNIqs3vuHF16sHEURVLBQI,6,8,0,0,,,,0,0,,,,0,,,,1,,,,,,,,,
Sonic,Frontiers,I'm Here - Revisited,,,,https://audio.jukehost.co.uk/vs641HKNvoAykl8g0sBjjVBhl5AcaiOs,6,8,0,0,,,,0,0,,,,0,,,,1,,,,,,,,,
Sonic,Shadow Generations,Space Colony Act 1,,,,,4,8,,0,,,,1,0,,,,,,,,,,0,,,,,,,
Sonic,Shadow the Hedgehog,I am(all of me),,,,https://audio.jukehost.co.uk/zi37xTz52bCjAMrsAUGGyrXQ18WR7V1S,6,8,0,0,,,,0,0,,,,0,,,,1,,,,,,,,,
Sonic,Sonic and Knuckles,Flying Battery Zone,,,,https://audio.jukehost.co.uk/6Wcuwn8ohCFKmk2Ltzy0VwufZYnpBfMK,8,8,0,0,0,,,1,0,0,,0,1,,,,,,,,,,,,,
Sonic,Sonic and the black Knight,Knight of the wind,,,,https://audio.jukehost.co.uk/40IaugjZXxtD5ttPxR6ZaSu4EUa91f5n,6,8,0,0,,,,0,0,,,,0,,,,1,,,,,,,,,
Spider-Man,Marvel's Spider-Man,Main Theme,,,,,9,8,0,0,0,,,1,1,0,,0,0,,,,,,,,,0,,,,
Star Fox,Star Fox,Corneria,,,,https://audio.jukehost.co.uk/l3ZDIiTaciuy4SFSsNSvnMzQk1MABNgh,8,8,0,0,,,,,1,1,,,0,,,,,,0,,,0,,,0,
Steins Gate,Steins Gate 0,Believe me,,,,https://audio.jukehost.co.uk/cK9bOeeNCt4aIRDSSPRc57vyXqte7AQf,5,8,0,0,,,,,1,,,,0,,,,,,0,,,,,,,
Steins Gate,Steins Gate 0,Messenger,,https://downloads.khinsider.com/game-soundtracks/album/steinsgate-0-selected-sound-works-2016/01.%2520Messenger%2520-%2520Main%2520Theme.mp3,,https://nu.vgmtreasurechest.com/soundtracks/steinsgate-0-selected-sound-works-2016/hqyxxqtbtn/01.%20Messenger%20-%20Main%20Theme.mp3,4,8,0,0,,,,,1,,,,,,,,,,0,,,,,,,
Street Fighter,SF2,Ken theme,,,,https://audio.jukehost.co.uk/MhJYSbUrqxlymHSmifhEjuUqtlkwCHgl,6,8,0,0,,,,0,1,0,,,0,,,,,,,,,,,,,
Street Fighter,Street Fighter 5,Main theme,,,,https://audio.jukehost.co.uk/mlJVVI5KWFreOW6zNaCxbPL7wCkywwyW,6,8,0,0,,,,,1,0,,,,,,0,,,0,,,,,,,
Street Fighter,Super street fighter 4 ,Volcanic Rim Stage,,,,https://audio.jukehost.co.uk/0uMPmjIuvIVtJt31RBgJFZ3vfT3V43Jq,6,8,0,0,,,,,0,,,,0,,,0,1,,,,,,,,,
Subnautica,Subnautica,Original Inhabitants,,,,,8,8,0,0,,,,1,0,0,,0,0,,1,,,,,,,,,,,
Sundered,Sundered,Eshe,,,,https://audio.jukehost.co.uk/TzNSePVDyQj9BfMDGn4sjSru97eBAFlP,6,8,0,0,,,,,1,0,,,0,,,0,,,,,,,,,,
Super Hexagon,Super Hexagon,Focus,,,,,6,8,0,0,,,,,0,0,,,,,,,,,1,0,,,,,,
Super Mario,Super Mario Wonder,Overworld,,,,,8,8,0,0,,,,1,1,,,0,,,,,,,0,0,,,,,0,
Super Mario,Super Mario Wonder,Piranha Plants on Parade,,,,,6,8,0,0,,,,1,0,,,0,,,,,,,0,,,,,,,
Super Mario,Super Mario Wonder,Title Screen,,,,,6,8,0,0,,,,1,0,,,0,,,,,,,0,,,,,,,
Super Mario,Super Mario Wonder,Underground,,,,,6,8,0,0,,,,1,0,,,0,,,,,,,0,,,,,,,
Super Meat Boy,Super Meat Boy,C.H.A.D.'s Lullaby,,,,,5,8,0,0,,,,,0,1,,,,,,,,,0,,,,,,,
Super Smash Bros,Brawl,Menu,,,,https://audio.jukehost.co.uk/SQuz1icgWny3UPEMBjvYHZ4hHLuLm0ei,9,8,1,0,,,,0,1,0,,0,0,,0,0,,,,,,,,,,
Team Fortress,Team Fortress 2,Robots!,,,,,5,8,0,0,,,,,0,,,0,,,,,,,1,,,,,,,
Tearaway,Tearaway,Gibbet Hill,,,,https://audio.jukehost.co.uk/uEqYxlHN25dmtuo3PqzGZ9VACk7KB9Il,5,8,0,0,,,,,1,0,,,,,,,,,0,,,,,,,
Tekken,Tekken 6,Karma (electric fountain),,https://downloads.khinsider.com/game-soundtracks/album/tekken-6-complete-ost/1-16.%2520Karma%2520%2528Electric%2520Fountain%2529.mp3,,https://nu.vgmtreasurechest.com/soundtracks/tekken-6-complete-ost/jwfnalgw/1-16.%20Karma%20%28Electric%20Fountain%29.mp3,4,8,0,0,,,,,1,,,,0,,,,,,,,,,,,,
Tekken,Tekken 6,Yodeling In Meadow Hill,,https://downloads.khinsider.com/game-soundtracks/album/tekken-6-complete-ost/1-18.%2520Yodeling%2520in%2520meadow%2520hill%2520%2528Hidden%2520Retreat%2529.mp3,,https://nu.vgmtreasurechest.com/soundtracks/tekken-6-complete-ost/jdokgcur/1-18.%20Yodeling%20in%20meadow%20hill%20%28Hidden%20Retreat%29.mp3,6,8,0,0,,,,,0,,,,0,,,,1,,0,,,,,,,
Tekken,Tekken 8,Coliseum of Fate (classic),,,,https://audio.jukehost.co.uk/5tqI9sOKiq4CvD414m90bBT5qsWGXKMK,4,8,0,0,,,,,0,,,1,,,,,,,,,,,,,,
Tekken,Tekken 8,Coliseum of Fate (climax),,,,https://audio.jukehost.co.uk/mc5QaPevEOzsTrjjUgsIfT2vGrlhP8b3,4,8,0,0,,,,,0,,,1,,,,,,,,,,,,,,
Tekken,Tekken 8,Descent into subconscious (classic),,,,https://audio.jukehost.co.uk/b5sr7TVj4AohjMY140wt6vbMRAhRrCTl,4,8,0,0,,,,,0,,,1,,,,,,,,,,,,,,
Tekken,Tekken 8,Elegant palace (classic),,,,https://audio.jukehost.co.uk/0QxI2SHr7sZWnDaeyWKATRrBaTNJJQkr,4,8,0,0,,,,,0,,,1,,,,,,,,,,,,,,
Tekken,Tekken 8,Neo City (classic),,,,https://audio.jukehost.co.uk/DPqUL65JkKWhU9KZIRhauzowZLp2n3pZ,4,8,0,0,,,,,0,,,1,,,,,,,,,,,,,,
Tekken,Tekken 8,Neo City (climax),,https://downloads.khinsider.com/game-soundtracks/album/tekken-8-original-soundtrack-2024/07.%2520Neo%2520City%2520%2528Climax%2529.mp3,,https://jetta.vgmtreasurechest.com/soundtracks/tekken-8-original-soundtrack-2024/cokhivas/07.%20Neo%20City%20%28Climax%29.mp3,5,8,0,0,,,,,0,,,1,,,,0,,,,,,,,,,
Tekken,Tekken 8,Sanctum (classic),,,,,4,8,0,0,,,,,0,,,1,,,,,,,,,,,,,,
Tekken,Tekken 8,Seaside Resort (climax),,,,,4,8,0,0,,,,,0,,,1,,,,,,,,,,,,,,
Tekken,Tekken 8,Storm Rising (classic),,,,https://audio.jukehost.co.uk/TXT8F8mCPmqpycSke572nKALEhtMB8rr,4,8,0,0,,,,,0,,,1,,,,,,,,,,,,,,
Tekken,Tekken 8,Super Ghost Battle,,,,https://audio.jukehost.co.uk/ePx7znJBCKoZ2IPXYgBEO4fBEmNFSLGo,4,8,0,0,,,,,0,,,1,,,,,,,,,,,,,,
Tekken ,Tekken 8 ,Secluded training ground (classic),,,,https://audio.jukehost.co.uk/oVKiCD1Fkq5aM4zD1rgDtKsKPmIYlmOY,8,8,0,0,,,,,0,0,,1,0,,,,1,,0,,,,,,,
Tekken ,Tekken tag tournament 2,School -After school Mix-,,,,https://audio.jukehost.co.uk/DFo1wv6hy3hPaAWGl6r4ayOCaYMWp3qf,6,8,0,0,,,,,0,,,,0,,,,1,,0,,,,,,,
Terraria,Terraria,Frost Moon,,,,https://audio.jukehost.co.uk/BnUARpfNffqWS8qAESdfqhzbeOhKE4Iw,9,8,0,0,0,,,1,0,0,1,0,0,,,,,,,,,,,,,
The Binding of Isaac,Antibirth,Forgotten Lullaby,Isaac,,,,5,8,0,0,,,,,0,,,,,,,,,,0,1,,,,,,
The Binding of Isaac,Antibirth ,Innocence Glitched,Isaac,,,,4,8,0,0,,,,,1,,,,,,,,,,0,,,,,,,
The Binding of Isaac,Antibirth ,Machine in the Walls,Isaac,,,,4,8,0,0,,,,,0,,,,,,,,,,1,,,,,,,
The Binding of Isaac,Rebirth ,Genesis 13-37,Isaac/Genesis,,,,4,8,1,0,,,,,0,,,,,,,,,,0,,,,,,,
The Binding of Isaac,Rebirth ,Sodden Hollow,Isaac,,,,4,8,1,0,,,,,0,,,,,,,,,,0,,,,,,,
The Binding of Isaac,Rebirth ,The Forgotten,Isaac,,,,4,8,1,0,,,,,0,,,,,,,,,,0,,,,,,,
The Witcher,The Witcher 3,Hunt or be hunted,,,,https://audio.jukehost.co.uk/C0FQm1wZkQaOobmqT1YMdCfyMdnyB8wq,4,8,0,0,,,,,1,,,,0,,,,,,,,,,,,,
The Witcher,The Witcher 3,La balade de Priscillia,,,,https://audio.jukehost.co.uk/EuRHfdjA0rGoP4XlgvVYWaIK1PdHpxJO,4,8,0,0,,,,,1,,,,0,,,,,,,,,,,,,
The Witcher,The Witcher 3,Sword of destiny,,,,https://audio.jukehost.co.uk/wAC68wtlAEcVwLyiAfd8v5VUxMEZxLYR,4,8,0,0,,,,,1,,,,0,,,,,,,,,,,,,
The Witcher,The Witcher 3,The wolf and the swallow,,,,https://audio.jukehost.co.uk/GWcN7CqMEwK1T2tSC8GuMesXLwN6TWax,5,8,0,0,,,,,1,,,,0,,,,,,0,,,,,,,
The Witcher,The Witcher 3,The wolven storm,,,,https://audio.jukehost.co.uk/JpN1gWB0C8ARhb6I5eTqDI0ebE8uFPMQ,8,8,0,0,,,,0,1,1,,0,0,,,,,,,,,,,,0,
Tomb Raider,Lara Croft and the Temple of Osiris,Lara Croft Overture,,,,https://audio.jukehost.co.uk/5gCVerqV34ubDSYGQ4oUGKscBa19EDW7,5,8,0,0,,,,,1,,,,0,,,,,,0,,,,,,,
Tomb Raider,Legend,Main theme,,,,https://audio.jukehost.co.uk/C2rJKpQtreNNDjoI1suu3ExBUt1qtZ0r,4,8,0,0,,,,,1,,,,,,,,,,0,,,,,,,
Ultima,Ultima VI,Can't remove the pain,,,,https://audio.jukehost.co.uk/0rne0e5Le5G7aLHueoob3LiC1lSu5TAV,6,8,0,0,,,,,1,,,,0,,,0,,,0,,,,,,,
Ultrakill,Ultrakill,Castle Vein,,,,https://audio.jukehost.co.uk/Wk2MtL5R8TMlhGDLe4FUYw0mxEZHll4x,5,8,0,0,,,,,0,,,,,,,,,,1,0,,,,,,
Unravel,Unravel 2,Let it all out,,,,,6,8,0,0,,,,,1,,,,0,,,0,,,0,,,,,,,
Unravel,Unravel 2,Problem solving,,,,,5,8,0,0,,,,,1,,,,0,,,,,,0,,,,,,,
Vampire Survivors,Vampire Survivors,Copper Green Intent,,,,,5,8,0,0,,,,,1,,,,0,,,,,,0,,,,,,,
Vampire Survivors,Vampire Survivors,Moms are tough,,,,https://audio.jukehost.co.uk/0gtr88gmcqYKXJJDA4n0DVbd84YG1aTS,5,8,0,0,,,,,1,,,,0,,,,,,0,,,,,,,
Vampire Survivors,Vampire Survivors,Reincarnated Echoes,,,,,5,8,0,0,,,,,1,,,,0,,,,,,0,,,,,,,
Vampire Survivors,Vampire Survivors,The Beginning,,,,,5,8,0,0,,,,,1,,,,0,,,,,,0,,,,,,,
Vampire Survivors,Vampire Survivors : Ode to Castlevania,Heart of fire,Castlevania ?,,,https://audio.jukehost.co.uk/eQjoXYZbiDv981pzEVTCR6v3rTVOZyUY,5,8,0,0,,,,,1,,,,0,,,,,,0,,,,,,,
Warframe,Warframe,We all lift together,,,,,9,8,0,0,0,1,,0,0,1,,0,0,,,,,,,,,,,,,
Xenoblade Chronicles,Xenoblade Chronicles 2,Roaming the wastes,,,,https://audio.jukehost.co.uk/TtIlyx98tGOpqW0T0BbzcGVwp4BLkNvG,9,8,0,0,0,,,0,1,0,1,0,0,,,,,,,,,,,,,
Xenoblade Chronicles,Xenoblade Chronicles 3 ,Carrying the weight of life,,,,https://audio.jukehost.co.uk/vwmcUG9sebMovzcyFK2d0LSOZF91gXGK,6,8,0,0,,,,,0,,,,0,,,,1,,0,,,,,,,
Xenoblade Chronicles,Xenoblade Chronicles 3 ,Kaleidoscopic Core,,,,https://audio.jukehost.co.uk/PFmURYhAAx9C1szZO4ZOh10cJ8XHkC5X,6,8,0,0,,,,,0,,,,0,,,,1,,0,,,,,,,
Xenoblade Chronicles,Xenoblade Chronicles X,Theme X,,,,https://audio.jukehost.co.uk/x37OJSzjrw0FXGQDSE9VpUsP0kQANaRK,5,8,0,0,,,,,1,,,,0,,,,,,0,,,,,,,
Yoku's island express,Yoku's island express,Welcome to mokumana beach,,,,https://audio.jukehost.co.uk/yXGUYE3DxMeQwFW69BilkJGg0n6zdiMH,4,8,0,0,,,,,1,,,,,,,,,,0,,,,,,,
Yoku's island express,Yoku's island express,Yoku Taidua and the village,,,,https://audio.jukehost.co.uk/BVAWn1VWYkLlL6RTGJLj7sqP47bEcqu6,5,8,0,0,,,,,1,,,0,,,,,,,0,,,,,,,
YuGiOh,YGO Duel Link,Winning Theme (DM/GX),,,,https://audio.jukehost.co.uk/ZZurfn5onUca7m7HJSEwmJmrZ6noRdPi,8,8,0,0,,,,,1,0,,1,0,,,,,,0,,,,0,,,
Zelda,Hyrule Warriors : Age of calamity,Daruk's theme,,,,,6,8,0,0,,,,0,1,,,,0,,,,,,0,,,,,,,
Zelda,Hyrule Warriors : Age of calamity,Mipha's theme,,,,,6,8,0,0,,,,0,1,,,,0,,,,,,0,,,,,,,
Zelda,Hyrule Warriors : Age of calamity,Revali's theme,,,,,6,8,0,0,,,,0,1,,,,0,,,,,,0,,,,,,,
Zelda,Hyrule Warriors : Age of calamity,Urbosa's theme,,,,,6,8,0,0,,,,0,1,,,,0,,,,,,0,,,,,,,
Zelda,Link : Faces of evil,Nortinka,,,,,6,8,0,0,,,,0,1,,,,0,,0,,,,,,,,,,,
Zelda,Link : Faces of evil,World map theme,,,,,6,8,0,0,,,,0,1,,,,0,,0,,,,,,,,,,,
Zelda,Skyward Sword,"Pirates Stronghold (exterior, timeshift stone)",Sand sea (past),https://downloads.khinsider.com/game-soundtracks/album/the-legend-of-zelda-skyward-sword-wii-gamerip-2011/226.%2520Pirates%2520Stronghold%2520%2528Exterior%252C%2520Timeshift%2520Stone%2529.mp3,,https://lambda.vgmtreasurechest.com/soundtracks/the-legend-of-zelda-skyward-sword-wii-gamerip-2011/gyahhpeb/226.%20Pirates%20Stronghold%20%28Exterior%2C%20Timeshift%20Stone%29.mp3,8,8,0,0,,,,0,1,1,,0,0,,0,,,,,,,,,,,
Zelda,Tears of the kingdom,Seized construct,,https://downloads.khinsider.com/game-soundtracks/album/the-legend-of-zelda-tears-of-the-kingdom-o.s.t-switch-gamerip-2023/9-07.%2520Scourge%2520of%2520the%2520Spirit%2520Temple%252C%2520Seized%2520Construct%2520Battle.mp3,,https://jetta.vgmtreasurechest.com/soundtracks/the-legend-of-zelda-tears-of-the-kingdom-o.s.t-switch-gamerip-2023/jjrkxjes/9-07.%20Scourge%20of%20the%20Spirit%20Temple%2C%20Seized%20Construct%20Battle.mp3,6,8,0,0,,,,,1,,,,0,,,,,,0,0,,,,,,
Zelda,Wand of Gamelon,Sakado Graveyard,,https://downloads.khinsider.com/game-soundtracks/album/zelda-the-wand-of-gamelon-cdi/29_Sakado%2520Graveyard.mp3,,https://jetta.vgmtreasurechest.com/soundtracks/zelda-the-wand-of-gamelon-cdi/shgmrwhx/29_Sakado%20Graveyard.mp3,6,8,0,0,,,,,1,,,,0,,0,,,,0,,,,,,,
A Plague Tale,A Plague Tale : Innocence,Father,,,,https://audio.jukehost.co.uk/ta5mN2jdMfX6BNIHZMrBIuYdtAseriZ2,14,9,0,1,0,,,0,0,1,0,0,0,0,,0,0,,0,,,0,,,,
A Plague Tale,A Plague Tale : Innocence,Plague Tale,,,,https://audio.jukehost.co.uk/l4NnCUebRZUkFOkLGJ5QxkRJMOqJvJT8,14,9,0,1,0,0,,0,0,1,0,0,0,0,,0,0,,0,,,,,,,
Abzu,Abzu,Delphinus Delphis,,,,https://audio.jukehost.co.uk/vIIABtce2kPtV8ibwKrDKhN5nm3ouSxk,7,9,0,0,,,,,1,0,,,0,,,,,,0,,,,,,0,
Ace Combat,Ace Combat 7,Daredevil,,,,https://audio.jukehost.co.uk/uurnQmA3E1brJYMRAC3bZKONqy4H7RIa,10,9,0,0,,,,,1,0,,,0,0,,0,0,,0,,,0,,,,
Age of Empire,Age of Mythology,Main theme,,,,,15,9,0,0,0,0,1,0,0,0,0,0,0,0,,0,0,,0,,,,,,,
Alan Wake,Alan Wake II,No one left to love,,https://downloads.khinsider.com/game-soundtracks/album/alan-wake-ii-chapter-songs-2023/06.%2520No%2520One%2520Left%2520To%2520Love.mp3,,https://audio.jukehost.co.uk/JndZQdO3c3Hp8EZ8lXp9rggayd9rhTmH,7,9,0,0,,,,,1,0,0,,0,,,,,,,0,,,,,,
Animal Crossing,Animal Crossing : City Folks,City Night,AC/ACCF,,,https://audio.jukehost.co.uk/P48WzYotsOOmnmJzzeWnO0U6BiovfQTM,11,9,1,0,0,,,0,0,0,,0,0,0,,0,0,,,,,,,,,
Animal Crossing,Animal Crossing : Happy Home Designer,Decorating the Facility,AC/ACHHD,,,https://audio.jukehost.co.uk/ARKHW1tDDv2qBFShJaQJxJeqGRz474Pv,12,9,1,0,0,,,0,0,0,,0,0,0,,0,0,,,0,,,,,,
Animal Crossing,Animal Crossing : Happy Home Designer,Exterior Designing,AC/ACHHD,,,https://audio.jukehost.co.uk/pPqiER4PNkCbsTOcYjx5M2Burxe6is1N,11,9,1,0,0,,,0,0,0,,0,0,0,,0,0,,,,,,,,,
Animal Crossing,Animal Crossing : Happy Home Designer,House Preview,AC/ACHHD,,,https://audio.jukehost.co.uk/i1MtTPZTk1KySAPDrFy1vPIWZjZnNXT9,11,9,1,0,0,,,0,0,0,,0,0,0,,0,0,,,,,,,,,
Animal Crossing,Animal Crossing : New Leaf,1 A.M.,AC/ACNL,,,https://audio.jukehost.co.uk/ieF4B353U382DDr4KbPS3KrV6AcaOM9p,11,9,1,0,0,,,0,0,0,,0,0,0,,0,0,,,,,,,,,
Animal Crossing,Animal Crossing : Wild World,Kapp'n's Taxi,AC/ACWW,,,https://audio.jukehost.co.uk/KLWlQoP5CcqC0wTVAN66OgwYc3MtOi0w,11,9,1,0,0,,,0,0,0,,0,0,0,,0,0,,,,,,,,,
Animal Crossing,Animal Crossing : Wild World,Taxi Arrival,AC/ACWW,,,https://audio.jukehost.co.uk/Fe1Rvep0AV8PHc7lEi879g86VFxsydOU,11,9,1,0,0,,,0,0,0,,0,0,0,,0,0,,,,,,,,,
Ankama,Waven,Nature,,,,https://audio.jukehost.co.uk/8EXfyn9O6bRtSC2QbeaNt6E6KUN6YD8x,7,9,0,0,,,,,1,,,,0,,,0,0,,,,,,,,0,
Assassin's Creed,Assassin's Creed: Brotherhood,City of Rome,,,,https://audio.jukehost.co.uk/eZWGaniD5agc4DwMAg0M0ML9mMe8fUsg,10,9,0,0,0,,,0,0,0,,,0,0,,0,1,,,,,,,,,
Atomic Heart,Atomic Heart,Shop Theme,Nora,,,https://audio.jukehost.co.uk/tIpmz9FioglRTFiwjNSDv1AsrZoFEZf0,11,9,1,0,,,,0,0,0,,0,0,0,,0,0,,0,,,,,,,
Baldur's gate,Baldur's gate 3,I Want to Live,,,,https://audio.jukehost.co.uk/W7ZVOBoe7DG29k0hQDwFrn0uXcotkFWG,7,9,0,0,,,,,0,,,,0,,,1,0,,,0,,,,,,
Baten Kaitos,Baten Kaitos origins,Le ali del principio,,,,https://jetta.vgmtreasurechest.com/soundtracks/baten-kaitos-origins-gc-gamerip-2006/yglktopf/1-01.%20Le%20Ali%20del%20Principio.mp3,8,9,0,0,,,,,1,0,,,0,,,0,0,,,,,0,,,,
BioShock,BioShock Infinite,Will the Circle Be Unbroken,,,,https://audio.jukehost.co.uk/8wmBYb9F9juBO7z39S5dku8pDcCLCA9T,11,9,0,1,0,,,0,0,0,,0,0,0,,0,0,,,,,,,,,
Blasphemous,Blasphemous,Cante de los muertos,Voice of the deads ; Isidora,https://downloads.khinsider.com/game-soundtracks/album/blasphemous-linux-macos-ps4-switch-windows-xbox-one-gamerip-2019/38%2520Cante%2520de%2520los%2520Muertos%2520%25E2%2594%2582%2520Chants%2520of%2520the%2520Dead%2520%2528Instrumental%2529%2520%25E2%259A%259CIsidora%252C%2520Voice%2520of%2520the%2520Dead%25E2%259A%259C.mp3,,https://nu.vgmtreasurechest.com/soundtracks/blasphemous-linux-macos-ps4-switch-windows-xbox-one-gamerip-2019/btptyjcl/38%20Cante%20de%20los%20Muertos%20%E2%94%82%20Chants%20of%20the%20Dead%20%28Instrumental%29%20%E2%9A%9CIsidora%2C%20Voice%20of%20the%20Dead%E2%9A%9C.mp3,10,9,0,0,,,,0,1,0,,0,0,0,,0,0,,,,,,,,,
Blasphemous,Blasphemous,Dame Tu Tormento,Trailer dernière extension,,,https://audio.jukehost.co.uk/ds65MaHpSrVG9uk9pNwz7vpdze9BHqDC,8,9,0,0,,,,,1,0,,,0,,,0,0,,,0,,,,,,
Blasphemous,Blasphemous,Su beso de plata (redux),Crisanta,,,https://audio.jukehost.co.uk/1fPtZYkJSgp9wB3BqLywYD1JFGu8Xrfh,10,9,0,0,,,,0,1,0,,0,0,0,,0,0,,,,,,,,,
Blasphemous,Blasphemous 2,Súbita Caligrafía de Plata,,,,https://audio.jukehost.co.uk/g8CVNzy7NJHdEDN3SCGzCYwEJcsxgOYU,10,9,0,0,,,,0,1,0,,0,0,0,,0,0,,,,,,,,,
Bloodborne,Bloodborne,The First Hunter,Gehrman,https://downloads.khinsider.com/game-soundtracks/album/bloodborne-original-soundtrack-2015/23.%2520The%2520First%2520Hunter.mp3,,https://audio.jukehost.co.uk/oGWZyDnGoTOfS7qQjWtqIp9alIZl3Onf,8,9,0,0,,,,,1,0,,,0,0,,0,0,,,,,,,,,
Bloodborne,Bloodborne : The old hunters,The Holy Blade,Ludwig,https://downloads.khinsider.com/game-soundtracks/album/bloodborne-the-old-hunters-2015/01.%2520Ludwig%252C%2520the%2520Holy%2520Blade.mp3,,https://audio.jukehost.co.uk/4riDOzp7lqW85opKrM4jod8KREq4fyVb,8,9,0,0,,,,,1,0,,,0,0,,0,0,,,,,,,,,
Braid,Braid,Maenam,,,,https://audio.jukehost.co.uk/orErAghyP9mgzszlOVTlKjUPi9OGqGI8,9,9,0,0,,,,1,0,0,,,0,0,,0,0,,,,,,,,,
Castle Crashers,Castle Crashers,(Please) Don't,,,,https://audio.jukehost.co.uk/5SccJr7ZAncksBRnLT6U36PYuwaLt0yC,10,9,0,0,,0,,1,0,0,,,0,0,,0,0,,,,,,,,,
Cave Story,Cave Story,Opening Theme,,,,,8,9,0,0,,,,,1,0,,,0,,,0,,,0,,,,,,,0
Club Penguin,Club Penguin,Coffee Shop,,,,,9,9,0,0,,,,1,0,0,,0,0,0,,,0,,,,,,,,,
Club Penguin,Club Penguin,Pizzatron 3000,,,,https://lambda.vgmtreasurechest.com/soundtracks/club-penguin-gamerip-2005-pc-mobile/gkervejh/Pizzatron%203000.mp3,11,9,0,0,0,,,1,0,0,,0,0,0,,,0,,,,,0,,,,
Code Vein,Code Vein,Code Vein,,https://downloads.khinsider.com/game-soundtracks/album/code-vein-original-soundtrack/01.%2520Code%2520Vein.mp3,,https://vgmtreasurechest.com/soundtracks/code-vein-original-soundtrack/xoanoedg/01.%20Code%20Vein.mp3,9,9,0,0,,,,,0,0,,1,0,0,,,0,,,0,,,,,,
Counter Strike,CS2,Main Menu,,,,,9,9,0,0,,,,1,0,0,,,0,0,,,0,,0,,,,,,,
Crypt of the NecroDancer,Cadence of Hyrule,Crypt,,,,https://audio.jukehost.co.uk/BG4kNobQHcj8Z3DyNWXwJH3pd4ZpEhCB,8,9,0,0,,,,0,1,,,0,0,0,,,0,,,,,,,,,
Dandara,Dandara,Dandara's purpose,,,,https://audio.jukehost.co.uk/gROuFlNc4F5bEwK9uoww9AOfPkxFwVjw,8,9,0,0,,,,,1,0,,,0,0,,,0,,,,,0,,,,
Dandara,Dandara,Weight of a doubt,,,,https://audio.jukehost.co.uk/zWPFMueMuSsf5Z7Psxt7sUUKJMlry4ee,8,9,0,0,,,,,1,0,,,0,0,,,0,,0,,,,,,,
Danganronpa,Climax Reasoning,Box 15,,,,https://audio.jukehost.co.uk/BfpOUFvE7eDIIOGTwvONVo88y2H1gIBx,7,9,0,0,,,,,0,,,,0,,,1,0,,0,,,,,,,
Danganronpa,Climax Reasoning,Trial Underground,Underground Trial,,,https://audio.jukehost.co.uk/ly0a1BJmYXFkYXHstIhNar9ldOgcOGDV,7,9,0,0,,,,,0,,,,0,,,1,0,,0,,,,,,,
De blob,De blob 1,Blissful,,,,,10,9,0,0,0,,,0,0,0,,0,0,1,,,0,,,,,,,,,
Detroit : Become Human,Detroit : Become Human,Now,,,,https://audio.jukehost.co.uk/7K7DeKBpHW89X9NgLSik5ELc2D4WwFvx,11,9,0,0,0,,,0,0,1,,0,0,0,,0,0,,,,,,,,,
Devil May Cry,DMC5,Subhuman,,,,https://audio.jukehost.co.uk/nNKWRNwDTgFMUIgCPQv7aBHDQohg4zGv,9,9,0,0,,,,0,0,0,,0,0,0,,,1,,,,,,,,,
Donkey Kong Country,Donkey Kong Country 2,Stickerbrush Symphony,,,,https://audio.jukehost.co.uk/pJh0M95fgPkkmSSl5BtcDcl2jdgsYhrA,10,9,0,0,1,,,0,0,0,,0,0,0,,,0,,,,,,,,,
Dragon's Dogma,Dragon's Dogma,Main Title,,,,https://audio.jukehost.co.uk/VkA1MHjlHaDIrIAhRWVxKbuuxadVF3BE,10,9,0,0,,,,0,0,0,,1,0,0,,,0,,,,,0,,,,
Everhood,Everhood,Tinnitus Dance,,https://downloads.khinsider.com/game-soundtracks/album/everhood-soundtrack/07.%2520Tinnitus%2520Dance.mp3,,https://vgmtreasurechest.com/soundtracks/everhood-soundtrack/vtfvkret/07.%20Tinnitus%20Dance.mp3,7,9,0,0,,,,,1,0,,0,0,,,,,,0,,,,,,,
Final Fantasy,Final Fantasy VII Remake,7 seconds till the end,,,,https://audio.jukehost.co.uk/uCCsh6yeikmxBnJahrEOvL757ohluQaq,8,9,0,0,,,,0,1,0,,0,0,0,,,,,,,,,,,,
Fire Emblem,Three Houses,As swift as wind,,,,https://audio.jukehost.co.uk/NVykZ1INrVeR3JP4i0dRPPAhn3TUIdvU,8,9,0,0,,,,0,1,0,,0,0,0,,,,,,,,,,,,
For the King,Ftk1,For the King,,,,https://audio.jukehost.co.uk/xzWgPPsjDagHChbDVkAnn7tNOEwjqXtY,11,9,0,0,0,1,,0,0,0,,0,0,0,,,,,,0,,,,,,
Forza,Forza Horizon 3,Ingrid Is A Hybrid,,,,,7,9,0,0,,,,1,0,0,,,0,0,,,,,,,,,,,,
Forza,Forza Horizon 4,A Moment Apart,,,,https://audio.jukehost.co.uk/1oJbITPRoPZrzqBwIzY49WCCoUtgLWbm,7,9,0,0,,,,1,0,0,,,0,0,,,,,,,,,,,,
Forza,Forza Horizon 4,Little of Your Love (Remix),,,,,7,9,0,0,,,,1,0,0,,,0,0,,,,,,,,,,,,
Forza,Forza Horizon 5,Encanto,,,,https://audio.jukehost.co.uk/dBksx24h5gxaudHTpmnyWCCjC6NGwh7v,7,9,0,0,,,,1,0,0,,,0,0,,,,,,,,,,,,
Genshin impact,Genshin impact,Hustle and Bustle of Ormos,,,,https://audio.jukehost.co.uk/c3ekjEjZO2rsum8DguL0uBkyLbBvug0c,10,9,0,1,0,,,0,0,0,,0,0,0,,,,,,0,,,,,,
Genshin impact,Genshin impact,The Divine Damsel of Devastation,,,,https://audio.jukehost.co.uk/tmnYShhRbNJ37L5K9wx83yoFY3JCc5Jz,9,9,0,1,0,,,0,0,0,,0,0,0,,,,,,,,,,,,
Gris,Gris,Unagi,,https://downloads.khinsider.com/game-soundtracks/album/gris-original-soundtrack/20.%2520Unagi.mp3,,https://audio.jukehost.co.uk/bPJaqOz1TSY0TliztHLXCWjY2hh6NGbM,8,9,0,0,,,,,1,0,,,0,,,0,,,0,,,,,,,0
Honkai,Honkai Star Rail,Interstellar Journey,,,,https://audio.jukehost.co.uk/UnqlS0AU9cNew14kQrOKPE61BEiGk08i,9,9,0,1,0,,,0,0,0,,0,0,0,,,,,,,,,,,,
Honkai,Honkai Star Rail,Lullaby,,,,https://audio.jukehost.co.uk/9uDTAEdKDrEWEzMHoURcVvyy3x1UrMmv,10,9,0,1,0,,,0,0,0,,0,0,0,,0,,,,,,,,,,
Honkai,Honkai Star Rail,Monodrama,,,,https://audio.jukehost.co.uk/r3SLejJ3tc5P7eRVqpq70XZi11voLXw1,10,9,0,1,0,,,0,0,0,,0,0,0,,0,,,,,,,,,,
Honkai,Honkai Star Rail,Samudrartha,,,,https://audio.jukehost.co.uk/NQ2FUD8ml9FQBjlAWReW27VFqGMv7JRR,9,9,0,1,0,,,0,0,0,,0,0,0,,,,,,,,,,,,
Honkai,Honkai Star Rail,Sway to my beat in cosmos,,,,https://audio.jukehost.co.uk/VS4GQfGRse4lzXauj9AQYYHghrUqQNl7,9,9,0,1,0,,,0,0,0,,0,0,0,,,,,,,,,,,,
Honkai,Honkai Star Rail,Wildfire,,,,https://audio.jukehost.co.uk/iLtkswwqmOVCKS3MDxgDpIlnDdte0Iza,9,9,0,1,0,,,0,0,0,,0,0,0,,,,,,,,,,,,
Jusant,Jusant,9C+,,,,https://audio.jukehost.co.uk/HApAgbE1S8qRZSsksyclrGUnlYP9vUkp,8,9,0,0,,,,0,1,0,,0,0,0,,,,,,,,,,,,
Jusant,Jusant,Ascension,,,,https://audio.jukehost.co.uk/YMfnlCh3ypb5U0b0ZVuVpFoVgIa6n4as,8,9,0,0,,,,0,1,0,,0,0,0,,,,,,,,,,,,
Jusant,Jusant,Ballast,,,,https://audio.jukehost.co.uk/5dv0HkBMDxPma2c0LV7xCfV73XB0fnIC,8,9,0,0,,,,0,1,0,,0,0,0,,,,,,,,,,,,
Jusant,Jusant,Hydrochorie,,,,https://audio.jukehost.co.uk/dSLaoFCDd6yLEcPWdf8KXHxsFOjd3Qod,8,9,0,0,,,,0,1,0,,0,0,0,,,,,,,,,,,,
Jusant,Jusant,Mirage,,,,https://audio.jukehost.co.uk/DyuKFDEo02LovE23EBf937mhfqtjgZDh,9,9,0,0,,,,0,1,0,,0,0,0,,,,,,,,0,,,,
Jusant,Jusant,Réservoir,,,,https://audio.jukehost.co.uk/EcPvVIqrq0a0PzS46TWSRquPzLDVjsFA,8,9,0,0,,,,0,1,0,,0,0,0,,,,,,,,,,,,
Jusant,Jusant,Sémaphore,,,,https://audio.jukehost.co.uk/Y0fwyXvE2LZJxJqLCfW320Ayy1tU5Ago,8,9,0,0,,,,0,1,0,,0,0,0,,,,,,,,,,,,
Jusant,Jusant,Syzygie,,,,https://audio.jukehost.co.uk/6NJNKJmyhgA4NbCTZEKtgTXSRDxgyH3s,9,9,0,0,,,,0,1,0,,0,0,0,,,,,,0,,,,,,
Jusant,Jusant,Vives-eaux,,,,https://audio.jukehost.co.uk/0ltsrZt9rbMf1Ohvgl3ToqoH3KvKNKen,8,9,0,0,,,,0,1,0,,0,0,0,,,,,,,,,,,,
League of Legends,Ruined king,Dark clouds on the horizon,,,,https://audio.jukehost.co.uk/q5KCrMbwXmlOOuxP1dGFilCNRKCVn0wj,7,9,0,0,,,,0,1,0,,0,0,,,,,,,,,,,,,
League of Legends,Ruined king,Devilfish on the line,,,,https://audio.jukehost.co.uk/eAhyba5yLLdHSJlknvFucadt28I3Mz65,7,9,0,0,,,,0,1,0,,0,0,,,,,,,,,,,,,
League of Legends,Ruined king,Honor and thieves,,,,https://audio.jukehost.co.uk/iw4eBljXXjq4HEsjCsvIpayb4L86BFdK,7,9,0,0,,,,0,1,0,,0,0,,,,,,,,,,,,,
League of Legends,Ruined king,King's tragedy x champions call,,,,https://audio.jukehost.co.uk/Y7RdKJo2BIW4oGSSnUZ58cwPdansJooJ,7,9,0,0,,,,0,1,0,,0,0,,,,,,,,,,,,,
Lethal League Blaze,Lethal League Blaze,AIN'T NOTHING LIKE A FUNKY BEAT,,,,https://audio.jukehost.co.uk/vfe2sYr82CA9aAQ80VfgWtPuqzEyKmxw,9,9,0,0,,,,,0,0,,,0,,,0,1,,,,,,,,0,0
Marvel VS Capcom,MVC 3,Morrigan,,https://downloads.khinsider.com/game-soundtracks/album/ultimate-marvel-vs.-capcom-3-ps3-ps4-xbox-360-xbox-one-gamerip-2011/2-13.%2520Morrigan.mp3,,https://audio.jukehost.co.uk/uWATsBoBskVQc3bQxCBwfCBVps0WAHE8,7,9,0,0,,,,,1,0,,,0,,,,,,0,,,,,,0,
Mega Man,Mega Man X,Sigma Stage 1,,,,https://audio.jukehost.co.uk/nCjt77eFht1pUe5031UaeGa86jnKs8gf,7,9,0,0,,,,,1,0,,,,0,,0,,,0,,,,,,,
Mini Motorways,Mini Motorways,ambiance,,,,,7,9,0,0,0,,,1,0,0,,,0,,,,,,,,,,,,,
Monster Hunter,Monster Hunter 4 Ultimate,Val Habar,,,,https://audio.jukehost.co.uk/WQoU57RGuYgHoFVn7qlvQXhpJGFl0Ibq,9,9,1,0,0,0,,0,0,0,,0,0,,,,,,,,,,,,,
Monster Hunter,Monster Hunter Frontier,Desert,,,,https://audio.jukehost.co.uk/yMOaXZYhYa57YVM0S5Fj0MWKQyTryw5I,9,9,1,0,0,0,,0,0,0,,0,0,,,,,,,,,,,,,
Monster Hunter,Monster Hunter Frontier,Forest and Hills,,,,https://audio.jukehost.co.uk/cBX20tmmFU8lEeMBbNR8dv8ZGuW7cBqP,9,9,1,0,0,0,,0,0,0,,0,0,,,,,,,,,,,,,
Monster Hunter,Monster Hunter Frontier,Highlands,,,,https://audio.jukehost.co.uk/yMOaXZYhYa57YVM0S5Fj0MWKQyTryw5I,9,9,1,0,0,0,,0,0,0,,0,0,,,,,,,,,,,,,
Monster Hunter,Monster Hunter Tri,Moga,,,,https://audio.jukehost.co.uk/013xVvvD3yNKGBVTV1RgERwZ8NhExpo9,9,9,1,0,0,0,,0,0,0,,0,0,,,,,,,,,,,,,
Monster Hunter,Monster Hunter Tri,Well cooked,,,,,10,9,1,0,0,0,,0,0,0,,0,0,,,0,,,,,,,,,,
Monster Hunter,Monster Hunter World,Ancient Forest,,,,https://audio.jukehost.co.uk/oS4catO8OoPsWPYUEL5NNtpEtmfeSuZr,10,9,1,0,0,0,,0,0,0,,0,0,,,0,,,,,,,,,,
Monster Hunter,Monster Hunter World,Nergigante,,,,https://audio.jukehost.co.uk/ctlycNBUowMpTylLe4C7Ov2NVYehTZnx,10,9,1,0,0,0,,0,0,0,,0,0,,,0,,,,,,,,,,
Monster Hunter,Monster Hunter World,Pride of a Nameless Hunter,,,,https://audio.jukehost.co.uk/1Xy1zQd41CUQdfzbMcCdnQcGdHNRBTJf,10,9,1,0,0,0,,0,0,0,,0,0,,,0,,,,,,,,,,
Monster Hunter,Monster Hunter World,Rotten Vale,,,,https://audio.jukehost.co.uk/esdrNhEAY9Quvv28jqvFS8QdlgidBSL7,10,9,1,0,0,0,,0,0,0,,0,0,,,0,,,,,,,,,,
Overwatch,Overwatch 2,A new era,,,,https://audio.jukehost.co.uk/6bt3rhW0MhlBP0DVqQra8HmaN5zcWISy,9,9,0,1,0,,,0,0,0,,0,0,,,0,,,,,,,,,,
PaRappa the the Rapper,PaRappa the the Rapper,Chop chop Master Onion Rap,,,,https://audio.jukehost.co.uk/x05I4NyhIZB0ntOYsYA2fyvYoXXaNg9P,7,9,0,0,,,,,0,0,,,,,,,1,,0,,,,,,0,
Pokemon,Gen 8,Mustard,,,,https://audio.jukehost.co.uk/W6Re3bHeitJW4WpUg1TtOW1PGmbY3paX,7,9,0,0,,,,0,1,0,,0,0,,,,,,,,,,,,,
Pokemon,Gen 9,Final boss,Zero Lab/Sada/Olim/Turo/Turum,,,https://audio.jukehost.co.uk/yiZAMHQEDfMyuehUPhl47mmwsfZwjzvD,7,9,0,0,,,,0,1,0,,0,0,,,,,,,,,,,,,
Pokemon,Gen 9,Kieran,,,,https://audio.jukehost.co.uk/SZaUgFtrHvmcjNuUOQxg0W6AEtWIlEt1,7,9,0,0,,,,0,1,0,,0,0,,,,,,,,,,,,,
Pokemon,Gen 9,Penny,,,,https://audio.jukehost.co.uk/dxJmELONrsL9XbEGt02XQdV1NbJbcPrE,7,9,0,0,,,,0,1,0,,0,0,,,,,,,,,,,,,
Pokemon,PokePark 1,Entrance,,,,https://audio.jukehost.co.uk/hKmMAYoRX2JrE6E7gqBksTpa2z2I7Jz6,8,9,1,0,,,,0,0,0,,0,0,,,0,,,,,,,,,,
Pokemon,PokePark 1,Loading,,,,https://audio.jukehost.co.uk/PSG93xm4PakvIHbpdSsbTuVR4sOV0q1f,7,9,1,0,,,,0,0,0,,0,0,,,,,,,,,,,,,
Pokemon,PokePark 1,Main Menu,,,,https://audio.jukehost.co.uk/L204gxRVvIUr5Mrs58DWmAsdCQ1beClT,7,9,1,0,,,,0,0,0,,0,0,,,,,,,,,,,,,
Pokemon,PokePark 2,Monde des voeux : Cake,,,,https://audio.jukehost.co.uk/mCL2tMF1NKezApz2GisHjOLQ1rNcizdY,8,9,1,0,,,,0,0,0,,0,0,,,,,,,0,,,,,,
Pokemon,PokePark 2,Monde des voeux : Danse,,,,https://audio.jukehost.co.uk/DtThTSzvm0wbk44IwEJR7T9lEdFYgAbo,7,9,1,0,,,,0,0,0,,0,0,,,,,,,,,,,,,
Prince of Persia,Warrior Within,Conflict at the entrance,,,,https://audio.jukehost.co.uk/aFggaivHvdF2Wxcyo5HNbTV8lShUXetd,7,9,0,0,,,,,1,0,,,,,,,,,0,,,0,,,0,
Pyre,Pyre,In the flame,,,,https://audio.jukehost.co.uk/m0KvgHSKHqMlczeCFo58ItQNE4y6yFdB,8,9,0,0,,,,0,1,0,,0,0,,,0,,,,,,,,,,
Rayman,Legends,Gloo gloo,,,,https://audio.jukehost.co.uk/V3gjcpVF64H0iSNzeuQsp2ZpdvnclBEm,7,9,0,0,,,,,1,,,,0,,,,,,0,0,,,,,0,
Resident Evil,RE4 remake,The drive,,,,,7,9,0,0,,,,0,1,0,,,0,,,,,,,,,,,,0,
Rocket League,Rocket League,Castaway,,,,,8,9,0,0,0,,,1,0,0,,0,0,,,,,,,,,,,,,
Rocket League,Rocket League,Eternal,,,,,9,9,0,0,0,,,1,0,0,,0,0,,,,,,0,,,,,,,
Sable,Sable,Glider,,,,https://audio.jukehost.co.uk/wIHtt1HacDIrTNz48tf5nvW7WybW9GUg,7,9,0,0,,,,,1,0,,0,0,,,,,,0,,,,,,,
Scarlet Nexus,Scarlet Nexus,A freezing breath,,,,https://audio.jukehost.co.uk/1y9mQUjUmMfdxn3WgtgcjVBQe6HXLhNP,7,9,0,0,,,,,0,0,,,0,,,1,,,0,,,,,,,
SEUM,SEUM-Speedrunner from Hell,Welcome,,,,https://audio.jukehost.co.uk/Mc6yvhcXUawpg4n91OwVvpIOpzETLYWV,8,9,0,0,,,,0,0,0,,1,0,,,0,,,,,,,,,,
Sleeping Dogs,Sleeping Dogs,Theme D,,,,https://audio.jukehost.co.uk/bC9kKMuGHaILPKFHVXqSWTNvl5y2KMGJ,8,9,0,0,,,,0,1,0,,,0,,,0,,,,,,0,,,,
Sonic,Adventure 2,Live and Learn,,,,,7,9,0,0,,,,1,0,0,,0,0,,,,,,,,,,,,,
Sonic,Colors,Speak With Your Heart,,,,,8,9,0,0,0,,,1,0,0,,0,0,,,,,,,,,,,,,
Sonic,Lost World,Wonder World,,,,,7,9,0,0,,,,1,0,0,,0,0,,,,,,,,,,,,,
Sonic,Rush,Back 2 Back,,,,https://audio.jukehost.co.uk/wCzYqVgShzUg32xO8A5CpfAp1vaEqC5Q,8,9,0,0,0,,,1,0,0,,0,0,,,,,,,,,,,,,
Sonic,Rush,Right There Ride On,,,,,8,9,0,0,0,,,1,0,0,,0,0,,,,,,,,,,,,,
Sonic,Shadow the Hedgehog,The Chosen One,,,,,7,9,0,0,,,,1,0,0,,0,0,,,,,,,,,,,,,
Sonic,Sonic,Marble Zone,,,,,8,9,0,0,0,,,1,0,0,,0,0,,,,,,,,,,,,,
Steins Gate,Steins Gate 0,Gate of steiner,,,,https://audio.jukehost.co.uk/Q2hrnFh6XLTvNx5iKvfoRDg1ACqYPCdt,7,9,0,0,,,,,1,0,,,0,,,,,,0,,,,,,0,
Tekken,Tekken 7,Midnight Closet,,,,https://audio.jukehost.co.uk/z5z2tPW1iW29vkMvQtl0Bw8i0FFbgGuL,7,9,0,0,,,,,0,0,,1,,,,0,,,,,,,0,,,
Terraria,Terraria Calamity Mod,Universal Collapse,,,,https://audio.jukehost.co.uk/dyUWqGXRWf62vr6RoNsqnxFzIppbk2nA,9,9,0,0,0,,,0,0,0,1,0,0,,,,,,,,,,,,,
Terraria,Terraria: Otherworld,Every adventure has a beginning,,,,,9,9,0,0,0,,,1,0,0,0,0,0,,,,,,,,,,,,,
The Binding of Isaac,Rebirth,Everlasting Hymn,Isaac,,,https://audio.jukehost.co.uk/1vmjXNd1qXbfknTWboBVE1S5vpnD5TVC,10,9,0,0,0,,,0,0,0,1,0,0,0,,,,,,,,,,,,
The Legend of Heroes,Trails in the Sky,Hollow Light of the Sealed Land,,,,https://audio.jukehost.co.uk/XtNg8N0usOwKBUshRZnRbURuf0CTKHKO,8,9,1,0,0,,,0,0,0,,0,0,,,,,,,,,,,,,
The Legend of Heroes,Trails in the Sky SC,Silver Will (Super Arrange Version),,,,https://audio.jukehost.co.uk/9hmsRpjwvmx98ti5W7a6MoyBfdQSMf6N,8,9,1,0,0,,,0,0,0,,0,0,,,,,,,,,,,,,
The Return of the Obra Dinn,The Return of the Obra Dinn,Main Theme,,,,,7,9,0,0,,,,1,0,0,,0,0,,,,,,,,,,,,,
Theme Hospital,Theme Hospital,Candy Floss,,,,https://audio.jukehost.co.uk/pW31wUh1bh1IVPvmUPLXlYdwFC0t4GNQ,8,9,0,0,0,,,1,0,0,,0,0,,,,,,,,,,,,,
Tunic,Tunic,Memories of memories,,,,,7,9,0,0,,,,1,0,0,,0,0,,,,,,,,,,,,,
Warframe,Warframe,For Namer,,,,,9,9,0,0,0,1,,0,0,0,,0,0,,,,,,,,,,,,,
Warframe,Warframe,Sleeping in the cold below,,,,,9,9,0,0,0,1,,0,0,0,,0,0,,,,,,,,,,,,,
Xenoblade Chronicles,Xenoblade Chronicles 3,Brilliant Wings,,,,https://audio.jukehost.co.uk/8j8DzrACPGDHsr2SnYUCpODsI5d6zvKn,9,9,0,0,0,,,0,0,0,1,0,0,,,,,,,,,,,,,
Yakuza,Yakuza 0,Intro ,,,,https://audio.jukehost.co.uk/hyg0qqKlKnzyO5uhle0WtoG99rvbvPgg,7,9,0,0,,,,,0,,,0,0,,,,1,,0,,,,,,,
Zachtronics,Exapunks,Getting Started,,,,,8,9,0,0,0,,,1,0,0,,0,0,,,,,,,,,,,,,
Zachtronics,Last Call BBS,20th Century Food Court,,,,https://audio.jukehost.co.uk/UARJqfNDyLeyBnvMAfn00wearsg0xMVo,8,9,0,0,0,,,1,0,0,,0,0,,,,,,,,,,,,,
8bitMMO,8bitMMO,BlueNoise!,,,,https://audio.jukehost.co.uk/E49raN6v4BAV79JoSn9eYcsByEp8Y4MR,6,10,0,0,,,,,0,,,0,0,,,,,,0,,,,,,,
A dance of fire and ice,A dance of fire and ice,Butterfly Planet,,https://downloads.khinsider.com/game-soundtracks/album/a-dance-of-fire-and-ice-windows-gamerip-2019/017.%252010-X%2520Butterfly%2520Planet.mp3,,https://audio.jukehost.co.uk/S6UHSzIkKf9FEwK2FuMfdYjsGdUYxA1I,8,10,0,0,,,,,0,0,,0,0,,,,,0,0,,,,,,,
BattleBlock Theater,BattleBlock Theater,Secret Area,,,,https://audio.jukehost.co.uk/7WPJEl614OQf4inecNjF8CDt80UREpkQ,7,10,0,0,,,,,0,0,,0,0,,,,,,0,,,,,,,
BioShock,BioShock,The Ocean on His Shoulders,,,,https://audio.jukehost.co.uk/K7SifgnwhqCvICIP5dkYQFOJUPLoJ61B,11,10,0,0,0,,,0,0,0,,0,0,0,,0,0,,,,,,,,,
BPM : Bullets per minute,BPM : Bullets per minute,Into Asgard,,,,https://lambda.vgmtreasurechest.com/soundtracks/bpm-bullets-per-minute-original-game-soundtrack/xdarggms/07%20-%20Into%20Asgard.mp3,1,10,,,,,,,0,,,,,,,,,,,,,,,,,
CrossCode,CrossCode,Autumn's Rise,,,,,7,10,0,0,,,,,0,0,,,0,,,0,,,0,,,,,,,
DEADBOLT,DEADBOLT,This Parrot is No More,,,,,7,10,0,0,,,,,0,0,,0,0,,,,,,0,,,,,,,
Dicey Dungeons,Dicey Dungeons,Lifeline,,,,,7,10,0,0,,,,,0,0,,0,0,,,,,,0,,,,,,,
Disco Elysium,Disco Elysium,,,,,,1,10,,,,,,,,,,,,0,,,,,,,,,,,,
Fallout,,,,,,,3,10,,,,,,,,,,,0,0,,,0,,,,,,,,,
Faster Than Light,FTL,,,,,,1,10,,,,,,,,,,,,0,,,,,,,,,,,,
Final Fantasy,Final Fantasy VIII,Don't be Afraid (Battle theme),,,,https://audio.jukehost.co.uk/3Xbt3iCvbqsrVmG1LKdr70o7sNHdrwPM,5,10,0,0,,,,,0,,,,0,,,,,,0,,,,,,,
Final Fantasy,Final Fantasy VIII,Man with the Machine Gun,,,,,5,10,0,0,,,,,0,,,,0,,,,,,0,,,,,,,
Final Fantasy,Final Fantasy XIV,Navigator's Glory,,,,https://audio.jukehost.co.uk/PvPz3Ly0MYTxpSEl8KF9DoxlGOemZaBG,5,10,0,0,,,,,0,,,,0,,,,,,0,,,,,,,
Freedom Planet,Freedom Planet,Major Boss Battle,,,,,7,10,0,0,,,,,0,0,,,0,,,0,,,0,,,,,,,
Geometry Dash,Geometry Dash,Shop2,,,,https://lambda.vgmtreasurechest.com/soundtracks/geometry-dash-android-ios-macos-windows-gamerip-2013/mrxkktnj/31.%20Shop2.mp3,2,10,,,,,,,0,,,0,,,,,,,,,,,,,,
Ghost of Tsushima,,,,,,,1,10,,,,,,,,,,,,0,,,,,,,,,,,,
God of War,,,,,,,1,10,,,,,,,,,,,,0,,,,,,,,,,,,
Haven,Haven,Move It Muffin!,,,,https://audio.jukehost.co.uk/nzdho1ZOgkCDBgy2i16jIIGtn2kzkXHb,7,10,0,0,,,,,0,0,,,0,,,0,,,0,,,,,,,
Hogwarts Legacy,Hogwarts Legacy,,,,,,1,10,,,,,,,,,,,,0,,,,,,,,,,,,
Into the Breach,Into the Breach,Pinnacle Robotics,,,,,5,10,0,0,,,,,0,0,,,,,,,,,0,,,,,,,
Ixion,Ixion,Vanir's legacy,,,,https://audio.jukehost.co.uk/4pQZwTC2W6iGLPOLwFq6sLF5LbtDjf6y,8,10,0,0,,,,,0,0,,0,0,0,,0,,,,,,,,,,
Lorelei and the Laser Eyes,Lorelei and the Laser Eyes,,,,,,1,10,,,,,,,,,,,,0,,,,,,,,,,,,
Mana,Children of Mana,Tower of the Flickering Prayer,,,,,7,10,0,0,,,,,0,0,,0,,,,0,,,0,,,,,,,
Mana,Heroes of Mana,The Beast Kingdom,,,,,4,10,0,0,,,,,0,,,,,,,,,,0,,,,,,,
Metal Gear,Rising : Revengeance,The Stains of Time,,,,,4,10,0,0,,,,,0,,,,,,,,,,0,,,,,,,
Mother,Mother 3,Curtain Call,,,,,4,10,0,0,0,,,,0,,,,,,,,,,,,,,,,,
Mother,Mother 3,Memory of Life,,,,,6,10,0,0,0,,,,0,,,0,,,,0,,,,,,,,,,
Need For Speed,NFS Most Wanted 2005,Nine Thou,,,,https://audio.jukehost.co.uk/1yG1DNgKumDIytg1L5tg2k4eHvDXGG8J,7,10,0,0,0,,,,0,,,0,,,,0,,,0,,,,,,,
Neon Abyss,Neon Abyss,It Will Come All Together,,,,https://audio.jukehost.co.uk/byXw7onDFagSdCNEDVw5RLzJ9LRVnxsU,7,10,0,0,0,,,,0,,,0,,,,0,,,0,,,,,,,
Out There Somewhere,Out There Somewhere,Planet: Unknown,,,,,6,10,0,0,,,,,0,0,,0,,,,,,,0,,,,,,,
Risk of Rain,Risk of Rain,Coalescence,,,,https://audio.jukehost.co.uk/0myT3cCKf0BFPhstMYjjiYH3zwlEqQv0,5,10,0,0,,,,,0,,,0,,,,,,,0,,,,,,,
Solatorobo,Solatorobo,Air in Airedale,,,,https://audio.jukehost.co.uk/Agqpwr2aG2wFcvMnijnD3USenWPAFFcZ,6,10,0,0,,,,,0,0,,,,,,0,,,0,,,,,,,
Sonic,Sonic ,Flying Battery Zone,,,,https://audio.jukehost.co.uk/ptZj67nebPU12brtgxfNWQh8KRlamua6,4,10,0,0,,,,,0,,,,,,,,,,,0,,,,,,
Super Lesbian Animal RPG,SLARPG,Fighting in the 990s,,,,https://audio.jukehost.co.uk/EG0gOEUFFdjFdYegBp30jWWP0pT9HUo4,6,10,0,0,,,,,0,,,,,,,0,,,0,0,,,,,,
Super Meat Boy,Super Meat Boy,Betus Blues,,,,,4,10,0,0,,,,,0,,,,,,,,,,0,,,,,,,
Super Meat Boy,Super Meat Boy,C.H.A.D.'s Broken Wind,,,,,4,10,0,0,,,,,0,,,,,,,,,,0,,,,,,,
Super Meat Boy,Super Meat Boy,Can o' Salt,,,,,4,10,0,0,,,,,0,,,,,,,,,,0,,,,,,,
Super Meat Boy,Super Meat Boy,Dr Fetus' Castle,,,,,4,10,0,0,,,,,0,,,,,,,,,,0,,,,,,,
Super Meat Boy,Super Meat Boy,Fast Track to Browntown,,,,,4,10,0,0,,,,,0,,,,,,,,,,0,,,,,,,
Super Meat Boy,Super Meat Boy,Forest Funk,,,,,4,10,0,0,,,,,0,,,,,,,,,,0,,,,,,,
Super Meat Boy,Super Meat Boy,Hot Damned,,,,,5,10,0,0,,,,,0,,,,,,,,,,0,0,,,,,,
Super Meat Boy,Super Meat Boy,It Ends,,,,,6,10,0,0,,,,,0,0,,,,,,0,,,0,,,,,,,
Super Meat Boy,Super Meat Boy,McLart People,,,,,4,10,0,0,,,,,0,,,,,,,,,,0,,,,,,,
Super Meat Boy,Super Meat Boy,Rocket Rider,,,,,4,10,0,0,,,,,0,,,,,,,,,,0,,,,,,,
Super Meat Boy,Super Meat Boy,The Battle of Lil' Slugger,,,,,4,10,0,0,,,,,0,,,,,,,,,,0,,,,,,,
Team Fortress,Team Fortress 2,It hate me so much,,,,https://audio.jukehost.co.uk/39vZzFsOlqBX3rF8LTthqdLUmZSGC3sw,4,10,0,0,,,,,0,,,,,,,,,,0,,,,,,,
Team Fortress,Team Fortress 2,Rocket jump waltz,,,,https://audio.jukehost.co.uk/JwcKqsAOMJ4X3tdqTBnsSA3bFBCWMcIa,6,10,0,0,,,,,0,,,,,,,0,,,0,0,,,,,,
Teeworlds,Teeworlds,Title Theme,,,,,8,10,0,0,0,,,0,0,0,,0,0,,,,,,,,,,,,,
The Binding of Isaac,Antibirth,Depression Shop,Isaac,,,,4,10,0,0,,,,,0,,,,,,,,,,0,,,,,,,
The Binding of Isaac,Antibirth ,Gloria Filio,Isaac,,,,4,10,0,0,,,,,0,,,,,,,,,,0,,,,,,,
The Binding of Isaac,Antibirth ,Journey from a Jar to the Sky,Isaac,,,,4,10,0,0,,,,,0,,,,,,,,,,0,,,,,,,
The Binding of Isaac,Antibirth ,Misericorde,Isaac,,,,4,10,0,0,,,,,0,,,,,,,,,,0,,,,,,,
The Binding of Isaac,Isaac,Crusade,Isaac,,,,4,10,0,0,,,,,0,,,,,,,,,,0,,,,,,,
The Binding of Isaac,Isaac,Greed,Isaac,,,,4,10,0,0,,,,,0,,,,,,,,,,0,,,,,,,
The End Is Nigh,The End Is Nigh,Mortaman,,,,,4,10,0,0,,,,,0,,,,,,,,,,0,,,,,,,
The End Is Nigh,The End Is Nigh,Retrograde,,,,,5,10,0,0,,,,,0,,,0,,,,,,,0,,,,,,,
The End Is Nigh,The End Is Nigh,Ruin,,,,,4,10,0,0,,,,,0,,,,,,,,,,0,,,,,,,
The End Is Nigh,The End Is Nigh,The Arid and Gloomy Flats,,,,,5,10,0,0,,,,,0,,,,,,,0,,,0,,,,,,,
The End Is Nigh,The End Is Nigh,The End,,,,https://audio.jukehost.co.uk/3Ohq5bHUcWgwjwP4l4BQ0bxDlJ5VGGVk,4,10,0,0,,,,,0,,,,,,,,,,0,,,,,,,
The End Is Nigh,The End Is Nigh,The Machine,,,,,3,10,0,0,,,,,0,,,,,,,,,,,,,,,,,
The End Is Nigh,The End Is Nigh,Title Screen,,,,https://audio.jukehost.co.uk/YkrtjkD9MzppsoDPEAacH7Wow5N6lwl2,4,10,0,0,,,,,0,,,,,,,,,,0,,,,,,,
The End Is Nigh,The End Is Nigh,Wall of Sorrow,,,,,4,10,0,0,,,,,0,,,,,,,,,,0,,,,,,,
The Legend of Heroes,Trails from Zero,Inevitable Struggle (Super Arrange Version),,,,https://audio.jukehost.co.uk/KCxooqK0DC4LLMpFAythrgPoCEVcNXe8,9,10,0,0,0,,,0,0,0,,0,0,,,0,,,,,,,,,,
The Legend of Heroes,Trails in the Sky the 3rd,Overdosing Heavenly Bliss,,,,,8,10,0,0,0,,,0,0,0,,0,0,,,,,,,,,,,,,
The Legend of Heroes,Trails into Reverie,Hide and Seek by Myself,,,,https://audio.jukehost.co.uk/A2sCxQu2cbfzp2k4acfQQXQMU8QQWaAb,8,10,0,0,0,,,0,0,0,,0,0,,,,,,,,,,,,,
The Legend of Heroes,Trails of Cold Steel,To Become the Foundation of the World,,,,https://audio.jukehost.co.uk/DyTAMgoGMSx0eZhSvTsd6LBeaiL3uXd7,8,10,0,0,0,,,0,0,0,,0,0,,,,,,,,,,,,,
The Legend of Heroes,Trails of Cold Steel II,E.O.V,,,,https://audio.jukehost.co.uk/hnqaauphYV9jTEtlcuOWW3ZoB2MT84b3,8,10,0,0,0,,,0,0,0,,0,0,,,,,,,,,,,,,
The Legend of Heroes,Trails of Cold Steel III,Spiral of Erebos,,,,https://audio.jukehost.co.uk/hbQ4BSd4qssltsqdHOqv2hRe1sD90mYf,8,10,0,0,0,,,0,0,0,,0,0,,,,,,,,,,,,,
The Legend of Heroes,Trails of Cold Steel IV,Burning Throb,,,,https://audio.jukehost.co.uk/1NScWFR9la8Y6YJu7cRLwJvprsaPEc4V,8,10,0,0,0,,,0,0,0,,0,0,,,,,,,,,,,,,
The Legend of Heroes,Trails Through Daybreak,In the Dawn,,,,https://audio.jukehost.co.uk/mmFvtIlkz12yNLvMVEYiOSZhGsNhHgY0,8,10,0,0,0,,,0,0,0,,0,0,,,,,,,,,,,,,
The Legend of Heroes,Trails Through Daybreak II,At the End of My Beloved Time Limit,,,,https://audio.jukehost.co.uk/4MAo8XP1ewmUdiqdi4pjUTCgRMg6Qukc,8,10,0,0,0,,,0,0,0,,0,0,,,,,,,,,,,,,
The Legend of Heroes,Trails to Azure,Unfathomed Force,,,,https://audio.jukehost.co.uk/cpkniGxWPnkgI9eN0OqxZm3EyxHq5xkx,8,10,0,0,0,,,0,0,0,,0,0,,,,,,,,,,,,,
The World Ends With You,The World Ends With You,Calling,,,,https://audio.jukehost.co.uk/ttU3SVdVbXAAXcicdTrQu6uoKaV3IbCh,5,10,0,0,,,,,0,,,,,,,0,,,0,,,,,,,
Transistor,Transistor,The Spine,,,,,3,10,,0,,,,,0,,,,,,,,,,0,,,,,,,
Xenoblade Chronicles,Xenoblade Chronicles 2,Step away,,,,https://audio.jukehost.co.uk/yqZ9vPzmyIkw6fQPihdPMWJHmA3bneqI,4,10,0,0,,,,,0,,,,,,,,,,0,,,,,,,
Xenoblade Chronicles,Xenoblade Chronicles X,So nah so fern,,,,https://audio.jukehost.co.uk/80xU3SuzcmdRPB1MSi3H5poGcIFGgn14,4,10,0,0,,,,,0,,,,,,,,,,0,,,,,,,
Deathloop,Deathloop,Menu (Break the loop),,https://downloads.khinsider.com/game-soundtracks/album/deathloop-original-game-soundtrack/03.%2520Menu%2520%2528Break%2520the%2520Loop%2529.mp3,,,1,0,,,,,,,1,,,,,,,,,,,,,,,,,
Final Fantasy,Final Fantasy IV,Main theme,,https://downloads.khinsider.com/game-soundtracks/album/final-fantasy-iv-world-2018/07.%2520Main%2520Theme%2520of%2520Final%2520Fantasy%2520IV.mp3,,,1,10,,,,,,,0,,,,,,,,,,,,,,,,,
League of Legends,League of legends,Light and Shadow,Trailer star guardian 2019,,,,1,0,,,,,,,1,,,,,,,,,,,,,,,,,
Luigi's Mansion,Luigi's Mansion 2,Title Theme,,https://downloads.khinsider.com/game-soundtracks/album/luigi-s-mansion-dark-moon/01.%2520Title.mp3,,,1,0,,,,,,,1,,,,,,,,,,,,,,,,,
Skullgirls,,,,,,,,,,,,,,,,,,,,,,,,,,,,,,,,